objectid,filename,youtubeid,title,format,description,creator,recipient,date,date-is-approximate?,item_information,subject,location,latitude,longitude,related_publication,publisher-digital,source,findingaid,original-identifier,identifier,rights,rightsstatement,type,language,relation
blackworld001,https://books.google.com/books?id=rjkDAAAAMBAJ&lpg=PA1&pg=PA4#v=onepage&q&f=false,,Pamphlet/Manifesto Poetry,video/mpeg,"Fowler ruminates on the best method of transmitting Black culture, whether it be the spoken or written word. ",Carolyn Fowler,Johnson Publishing,1974.06,,youtube video,Religion; Frank B. Robinson,"Atlanta, Georgia",33.75155685,-84.41121005,,Northwest Public Broadcasting,Northwest Public Broadcasting,,,,"Educational use includes non-commercial use of text and images in materials for teaching and research purposes. Digital reproduction permissions granted by University of Idaho Library Special Collections and Archives Department. For other uses beyond free use, please contact University of Idaho Library Special Collections and Archives Department at libspec@uidaho.edu.",https://rightsstatements.org/vocab/InC-EDU/1.0/,Audio,eng,
blackworld002,https://books.google.com/books?id=rjkDAAAAMBAJ&lpg=PA1&pg=PA20#v=onepage&q&f=false,,Ishmael Reed on Ishmael Reed,audio/mp3,Author Ishmael Reed answers questions about his novels and his writing process.,Ishmael Reed,Johnson Publishing,1974.06,yes,radio program,God-Law; Life Spirit; Mircales; Healing; Sudent Letters; Testimonials,"Chattanooga, Tennesse ",35.04198553,-85.24145772,Good News,"University of Idaho Library Digital Initiatives, https://www.lib.uidaho.edu/digital/","MG 101, Frank Bruce Robinson. Papers, 1929-1951, University of Idaho Library Special Collections and Archives",https://archiveswest.orbiscascade.org/ark:/80444/xv97133/op=fstyle.aspx?t=k&q=psychiana,"MG-101, Box 5, Tapes",good_news_06,"Educational use includes non-commercial use of text and images in materials for teaching and research purposes. Digital reproduction permissions granted by University of Idaho Library Special Collections and Archives Department. For other uses beyond free use, please contact University of Idaho Library Special Collections and Archives Department at libspec@uidaho.edu.",https://rightsstatements.org/vocab/InC-EDU/1.0/,Sound,eng,https://archiveswest.orbiscascade.org/ark:/80444/xv97133/op=fstyle.aspx?t=k&q=psychiana
blackworld003,https://books.google.com/books?id=rjkDAAAAMBAJ&lpg=PA1&pg=PA36#v=onepage&q&f=false,,The Novels of Hal Bennett,audio/mp3,"Walcott writes about Novelist Hal Bennett, and how Bennett tackles satire and race in his books. ",Ronald Walcott,Johnson Publishing,1974.06,yes,radio program,"Spirit of God, God-Power;  Cosmic Rays; Science and Technology; Student Letters; Hardship; Material Abundance; Testimonials","New York City, New York",40.66785978,-73.91521112,Good News,"University of Idaho Library Digital Initiatives, https://www.lib.uidaho.edu/digital/","MG 101, Frank Bruce Robinson. Papers, 1929-1951, University of Idaho Library Special Collections and Archives",https://archiveswest.orbiscascade.org/ark:/80444/xv97133/op=fstyle.aspx?t=k&q=psychiana,"MG-101, Box 5, Tapes",good_news_05,"Educational use includes non-commercial use of text and images in materials for teaching and research purposes. Digital reproduction permissions granted by University of Idaho Library Special Collections and Archives Department. For other uses beyond free use, please contact University of Idaho Library Special Collections and Archives Department at libspec@uidaho.edu.",https://rightsstatements.org/vocab/InC-EDU/1.0/,Sound,eng,https://archiveswest.orbiscascade.org/ark:/80444/xv97133/op=fstyle.aspx?t=k&q=psychiana
blackworld004,https://books.google.com/books?id=rjkDAAAAMBAJ&lpg=PA1&pg=PA49#v=onepage&q&f=false,,Perspectives,audio/mp3,"Various Updates on African American Arts, including novels, theatre, film, etc. ",Ruth Rambo McClain,Johnson Publishing,1974.06,yes,radio program,Peace; Good News; Quality Products; World War; Organ,"South Orange, NJ",40.74882552,-74.26308256,Good News,"University of Idaho Library Digital Initiatives, https://www.lib.uidaho.edu/digital/","MG 101, Frank Bruce Robinson. Papers, 1929-1951, University of Idaho Library Special Collections and Archives",https://archiveswest.orbiscascade.org/ark:/80444/xv97133/op=fstyle.aspx?t=k&q=psychiana,"MG-101, Box 5, Tapes",good_news_04,"Educational use includes non-commercial use of text and images in materials for teaching and research purposes. Digital reproduction permissions granted by University of Idaho Library Special Collections and Archives Department. For other uses beyond free use, please contact University of Idaho Library Special Collections and Archives Department at libspec@uidaho.edu.",https://rightsstatements.org/vocab/InC-EDU/1.0/,Sound,eng,https://archiveswest.orbiscascade.org/ark:/80444/xv97133/op=fstyle.aspx?t=k&q=psychiana
blackworld005,https://books.google.com/books?id=rjkDAAAAMBAJ&lpg=PA1&pg=PA51#v=onepage&q&f=false,,Books Noted,image/jpeg,A Collection of Book Reviews for the following books: Sula by Toni Morrison and The Boar Hog Woman by Cleo Overstreet.,Clyde Taylor,Johnson Publishing,1974.06,yes,single-page; photographs,Advertising,"Berkeley, California",37.8701298,-122.2595464,,"University of Idaho Library Digital Initiatives, https://www.lib.uidaho.edu/digital/","MG 101, Frank Bruce Robinson. Papers, 1929-1951, University of Idaho Library Special Collections and Archives",https://archiveswest.orbiscascade.org/ark:/80444/xv97133/op=fstyle.aspx?t=k&q=psychiana,"MG-101, Box 6, Folder - 'Frank B. Robinson Negatives'",mg101_b6_frank_robinson_negatives_009,"Educational use includes non-commercial use of text and images in materials for teaching and research purposes. Digital reproduction permissions granted by University of Idaho Library Special Collections and Archives Department. For other uses beyond free use, please contact University of Idaho Library Special Collections and Archives Department at libspec@uidaho.edu.",https://rightsstatements.org/vocab/InC-EDU/1.0/,Image;StillImage,eng,https://archiveswest.orbiscascade.org/ark:/80444/xv97133/op=fstyle.aspx?t=k&q=psychiana
blackworld006,https://books.google.com/books?id=rjkDAAAAMBAJ&lpg=PA1&pg=PA53#v=onepage&q&f=false,,The Ear of the Behearer,application/pdf,A review of jazz album 'The Ear of the Behearer' by Dewey Redman,Roger Riggins,Johnson Publishing,1974.06,yes,single-page; offers,Psychiana Headquarters; Psychiana Staff; Costs,"New York City, New York",40.66785978,-73.91521112,,"University of Idaho Library Digital Initiatives, https://www.lib.uidaho.edu/digital/","MG 101, Frank Bruce Robinson. Papers, 1929-1951, University of Idaho Library Special Collections and Archives",https://archiveswest.orbiscascade.org/ark:/80444/xv97133/op=fstyle.aspx?t=k&q=psychiana,"MG-101, Box 7, Folder 26",mg101_b7_f26_107,"Educational use includes non-commercial use of text and images in materials for teaching and research purposes. Digital reproduction permissions granted University of Idaho Library Special Collections and Archives Department. For other uses beyond free use, please contact University of Idaho Library Special Collections and Archives Department at libspec@uidaho.edu.",https://rightsstatements.org/vocab/InC-EDU/1.0/,Text,eng,https://archiveswest.orbiscascade.org/ark:/80444/xv97133/op=fstyle.aspx?t=k&q=psychiana
blackworld007,https://books.google.com/books?id=rjkDAAAAMBAJ&lpg=PA1&pg=PA54#v=onepage&q&f=false,,The Long Night,application/pdf,A short suspense story about a Black woman hiding from the police,Toni Cade Bambara,Johnson Publishing,1974.06,yes,single-page; flyers,"Material Abundance; God-Realm; Wealth; Spirit of God, God-Power;  Hardships; Illustrations","Newark, New Jersey",40.74163324,-74.1741891,,"University of Idaho Library Digital Initiatives, https://www.lib.uidaho.edu/digital/","MG 101, Frank Bruce Robinson. Papers, 1929-1951, University of Idaho Library Special Collections and Archives",https://archiveswest.orbiscascade.org/ark:/80444/xv97133/op=fstyle.aspx?t=k&q=psychiana,"MG-101, Box 7, Folder 13",mg101_b7_f13_007,"Educational use includes non-commercial use of text and images in materials for teaching and research purposes. Digital reproduction permissions granted University of Idaho Library Special Collections and Archives Department. For other uses beyond free use, please contact University of Idaho Library Special Collections and Archives Department at libspec@uidaho.edu.",https://rightsstatements.org/vocab/InC-EDU/1.0/,Text,eng,https://archiveswest.orbiscascade.org/ark:/80444/xv97133/op=fstyle.aspx?t=k&q=psychiana
blackworld008,https://books.google.com/books?id=rjkDAAAAMBAJ&lpg=PA1&pg=PA61#v=onepage&q&f=false,,"For You, There is Only Dancing",image/jpeg,A short story about a father and son going fishing together. ,Richard H Perry,Johnson Publishing,1974.06,,single-page; photographs,Mailings; Alfred B. Robinson,"New York City, New York",40.66785978,-73.91521112,,"University of Idaho Library Digital Initiatives, https://www.lib.uidaho.edu/digital/","MG 101, Frank Bruce Robinson. Papers, 1929-1951, University of Idaho Library Special Collections and Archives",https://archiveswest.orbiscascade.org/ark:/80444/xv97133/op=fstyle.aspx?t=k&q=psychiana,"MG-101, Box 6, Folder - 'Photographs'",mg101_b6_photographs_26,"Educational use includes non-commercial use of text and images in materials for teaching and research purposes. Digital reproduction permissions granted by University of Idaho Library Special Collections and Archives Department. For other uses beyond free use, please contact University of Idaho Library Special Collections and Archives Department at libspec@uidaho.edu.",https://rightsstatements.org/vocab/InC-EDU/1.0/,Image;StillImage,eng,https://archiveswest.orbiscascade.org/ark:/80444/xv97133/op=fstyle.aspx?t=k&q=psychiana
blackworld009,https://books.google.com/books?id=rjkDAAAAMBAJ&lpg=PA1&pg=PA67#v=onepage&q&f=false,,"(""Pole"" is a word of condolence in Swahili that one man gives another at the death of a loved one)",application/pdf,A poem about death.,Sharleen Dickenson,Johnson Publishing,1974.06,yes,single-page; flyers,"Spirit of God, God-Power; Truth; Illustrations",,,,,"University of Idaho Library Digital Initiatives, https://www.lib.uidaho.edu/digital/","MG 101, Frank Bruce Robinson. Papers, 1929-1951, University of Idaho Library Special Collections and Archives",https://archiveswest.orbiscascade.org/ark:/80444/xv97133/op=fstyle.aspx?t=k&q=psychiana,"MG-101, Box 7, Folder 13",mg101_b7_f13_013,"Educational use includes non-commercial use of text and images in materials for teaching and research purposes. Digital reproduction permissions granted University of Idaho Library Special Collections and Archives Department. For other uses beyond free use, please contact University of Idaho Library Special Collections and Archives Department at libspec@uidaho.edu.",https://rightsstatements.org/vocab/InC-EDU/1.0/,Text,eng,https://archiveswest.orbiscascade.org/ark:/80444/xv97133/op=fstyle.aspx?t=k&q=psychiana
blackworld010,https://books.google.com/books?id=rjkDAAAAMBAJ&lpg=PA1&pg=PA68#v=onepage&q&f=false,,"Never Show Your Feelings, Boy",application/pdf,A short story about a young boy and his fraught relationship with his grandfather in New York City.,Leonard J. Guardine,Johnson Publishing,1974.06,yes,single-page; flyers,"Robinson's Books; Moscow, Idaho","New York City, New York",40.66785978,-73.91521112,,"University of Idaho Library Digital Initiatives, https://www.lib.uidaho.edu/digital/","MG 101, Frank Bruce Robinson. Papers, 1929-1951, University of Idaho Library Special Collections and Archives",https://archiveswest.orbiscascade.org/ark:/80444/xv97133/op=fstyle.aspx?t=k&q=psychiana,"MG-101, Box 7, Folder 13",mg101_b7_f13_028,"Educational use includes non-commercial use of text and images in materials for teaching and research purposes. Digital reproduction permissions granted by University of Idaho Library Special Collections and Archives Department. For other uses beyond free use, please contact University of Idaho Library Special Collections and Archives Department at libspec@uidaho.edu.",https://rightsstatements.org/vocab/InC-EDU/1.0/,Text,eng,https://archiveswest.orbiscascade.org/ark:/80444/xv97133/op=fstyle.aspx?t=k&q=psychiana
blackworld011,https://books.google.com/books?id=rjkDAAAAMBAJ&lpg=PA1&pg=PA72#v=onepage&q&f=false,,Give Us This Day,image/jpeg,A short story about a man named Shad Harris' day and his experience almsot being mugged.,Alice Reid,Johnson Publishing,1974.06,yes,single-page; buttons (information artifacts),Psychiana Pin,"Oakland, California",37.79538478,-122.2628275,,"University of Idaho Library Digital Initiatives, https://www.lib.uidaho.edu/digital/","MG 101, Frank Bruce Robinson. Papers, 1929-1951, University of Idaho Library Special Collections and Archives",https://archiveswest.orbiscascade.org/ark:/80444/xv97133/op=fstyle.aspx?t=k&q=psychiana,"MG-101, Box 6, Folder - 'Miscellaneous Negatives'",mg101_b6_f7_miscellanious_negatives_012,"Educational use includes non-commercial use of text and images in materials for teaching and research purposes. Digital reproduction permissions granted by University of Idaho Library Special Collections and Archives Department. For other uses beyond free use, please contact University of Idaho Library Special Collections and Archives Department at libspec@uidaho.edu.",https://rightsstatements.org/vocab/InC-EDU/1.0/,Image;StillImage,eng,https://archiveswest.orbiscascade.org/ark:/80444/xv97133/op=fstyle.aspx?t=k&q=psychiana
blackworld012,https://books.google.com/books?id=rjkDAAAAMBAJ&lpg=PA1&pg=PA77#v=onepage&q&f=false,,Table Talk,image/jpeg,A short story about gorillas being a metaphor for racial stereotypes.,Everett Hoagland,Johnson Publishing,1974.06,yes,single-page; negatives,Recreation; Latah County,"Dartmouth, Massachusetts",41.6270886,-71.00547652,,"University of Idaho Library Digital Initiatives, https://www.lib.uidaho.edu/digital/","MG 101, Frank Bruce Robinson. Papers, 1929-1951, University of Idaho Library Special Collections and Archives",https://archiveswest.orbiscascade.org/ark:/80444/xv97133/op=fstyle.aspx?t=k&q=psychiana,"MG-101, Box 6, Folder - 'Miscellaneous Negatives'",mg101_b6_f7_miscellanious_negatives_014,"Educational use includes non-commercial use of text and images in materials for teaching and research purposes. Digital reproduction permissions granted by University of Idaho Library Special Collections and Archives Department. For other uses beyond free use, please contact University of Idaho Library Special Collections and Archives Department at libspec@uidaho.edu.",https://rightsstatements.org/vocab/InC-EDU/1.0/,Image;StillImage,eng,https://archiveswest.orbiscascade.org/ark:/80444/xv97133/op=fstyle.aspx?t=k&q=psychiana
blackworld013,https://books.google.com/books?id=rjkDAAAAMBAJ&lpg=PA1&pg=PA86#v=onepage&q&f=false,,Living Black Authors,image/jpeg,A book review of the biography Living Black Authors by Ann Allen Shockley and Sue P. Chandler,James C. Kilgore,Johnson Publishing,1974.06,yes,single-page; negatives,Robinson's Writings; Psychiana Journal,"Highland Hills, Ohio",41.4466488,-81.50270367,The Way Magazine,"University of Idaho Library Digital Initiatives, https://www.lib.uidaho.edu/digital/","MG 101, Frank Bruce Robinson. Papers, 1929-1951, University of Idaho Library Special Collections and Archives",https://archiveswest.orbiscascade.org/ark:/80444/xv97133/op=fstyle.aspx?t=k&q=psychiana,"MG-101, Box 6, Folder - 'Miscellaneous Negatives'",mg101_b6_f7_miscellanious_negatives_010,"Educational use includes non-commercial use of text and images in materials for teaching and research purposes. Digital reproduction permissions granted by University of Idaho Library Special Collections and Archives Department. For other uses beyond free use, please contact University of Idaho Library Special Collections and Archives Department at libspec@uidaho.edu.",https://rightsstatements.org/vocab/InC-EDU/1.0/,Image;StillImage,eng,https://archiveswest.orbiscascade.org/ark:/80444/xv97133/op=fstyle.aspx?t=k&q=psychiana
blackworld014,https://books.google.com/books?id=rjkDAAAAMBAJ&lpg=PA1&pg=PT1#v=onepage&q&f=false,,When is a Black Man Not an African?,application/pdf,"A anonymous piece reflecting on African Americans connection to Africa, and how the Trans-Atlantic Slave Trade interupted that",,Johnson Publishing,1974.06,,single-page; flyers,"Moscow, Idaho; World War;",,,,,"University of Idaho Library Digital Initiatives, https://www.lib.uidaho.edu/digital/","MG 101, Frank Bruce Robinson. Papers, 1929-1951, University of Idaho Library Special Collections and Archives",https://archiveswest.orbiscascade.org/ark:/80444/xv97133/op=fstyle.aspx?t=k&q=psychiana,"MG-101, Box 7, Folder 13",mg101_b7_f13_034,"Educational use includes non-commercial use of text and images in materials for teaching and research purposes. Digital reproduction permissions granted by University of Idaho Library Special Collections and Archives Department. For other uses beyond free use, please contact University of Idaho Library Special Collections and Archives Department at libspec@uidaho.edu.",https://rightsstatements.org/vocab/InC-EDU/1.0/,Text,eng,https://archiveswest.orbiscascade.org/ark:/80444/xv97133/op=fstyle.aspx?t=k&q=psychiana
blackworld015,https://books.google.com/books?id=cToDAAAAMBAJ&lpg=PA1&pg=PA4#v=onepage&q&f=false,,An Interview with Thomas Dorsey,application/pdf,"An interview with legendary gospel singer Thomas Dorsey, about his life and music","Thomas Dorsey, Alfred Duckett",Johnson Publishing,1974.07,yes,postcard; reply cards,"Power; Spirit of God, God-Power;  Free; Information","Chicago, Illinois",41.88235766,-87.61530771,,"University of Idaho Library Digital Initiatives, https://www.lib.uidaho.edu/digital/","MG 101, Frank Bruce Robinson. Papers, 1929-1951, University of Idaho Library Special Collections and Archives",https://archiveswest.orbiscascade.org/ark:/80444/xv97133/op=fstyle.aspx?t=k&q=psychiana,"MG-101, Box 7, Folder 23",mg101_b7_f23_005,"Educational use includes non-commercial use of text and images in materials for teaching and research purposes. Digital reproduction permissions granted by University of Idaho Library Special Collections and Archives Department. For other uses beyond free use, please contact University of Idaho Library Special Collections and Archives Department at libspec@uidaho.edu.",https://rightsstatements.org/vocab/InC-EDU/1.0/,Text,eng,https://archiveswest.orbiscascade.org/ark:/80444/xv97133/op=fstyle.aspx?t=k&q=psychiana
blackworld016,https://books.google.com/books?id=cToDAAAAMBAJ&lpg=PA1&pg=PA20#v=onepage&q&f=false,,Father of Gospel Music,application/pdf,"A biography of the life, music and career of Thomas Dorsey",Horace Boyer,Johnson Publishing,1974.07,yes,single-page; form letters,Commitment; Delinquent; Students; Lessons,"Chicago, Illinois",41.88235766,-87.61530771,,"University of Idaho Library Digital Initiatives, https://www.lib.uidaho.edu/digital/","MG 101, Frank Bruce Robinson. Papers, 1929-1951, University of Idaho Library Special Collections and Archives",https://archiveswest.orbiscascade.org/ark:/80444/xv97133/op=fstyle.aspx?t=k&q=psychiana,"MG-101, Box 7, Folder 23",mg101_b7_f23_023,"Educational use includes non-commercial use of text and images in materials for teaching and research purposes. Digital reproduction permissions granted University of Idaho Library Special Collections and Archives Department. For other uses beyond free use, please contact University of Idaho Library Special Collections and Archives Department at libspec@uidaho.edu.",https://rightsstatements.org/vocab/InC-EDU/1.0/,Text,eng,https://archiveswest.orbiscascade.org/ark:/80444/xv97133/op=fstyle.aspx?t=k&q=psychiana
blackworld017,https://books.google.com/books?id=cToDAAAAMBAJ&lpg=PA1&pg=PA29#v=onepage&q&f=false,,"A Selected, Annotated Discography: Dorsey Songs on Record",application/pdf,An article listing some of the many artists that have played Dorsey's music,Romeo Eldridge Phillips,Johnson Publishing,1974.07,yes,multiple-page; application forms,Sale Agency; Money-Making Opportunity; Students; Territory; Spreading Psychiana,"Chicago, Illinois",41.88235766,-87.61530771,,"University of Idaho Library Digital Initiatives, https://www.lib.uidaho.edu/digital/","MG 101, Frank Bruce Robinson. Papers, 1929-1951, University of Idaho Library Special Collections and Archives",https://archiveswest.orbiscascade.org/ark:/80444/xv97133/op=fstyle.aspx?t=k&q=psychiana,"MG-101, Box 7, Folder 23",mg101_b7_f23_039,"Educational use includes non-commercial use of text and images in materials for teaching and research purposes. Digital reproduction permissions granted by University of Idaho Library Special Collections and Archives Department. For other uses beyond free use, please contact University of Idaho Library Special Collections and Archives Department at libspec@uidaho.edu.",https://rightsstatements.org/vocab/InC-EDU/1.0/,Text,eng,https://archiveswest.orbiscascade.org/ark:/80444/xv97133/op=fstyle.aspx?t=k&q=psychiana
blackworld018,https://books.google.com/books?id=cToDAAAAMBAJ&lpg=PA1&pg=PA33#v=onepage&q&f=false,,Borinken Blues,image/jpeg,"A poem about poet Victor Hernandez Cruz and his home of Aguas Buenas, Puerto Rico",Yusef Komunyakaa,Johnson Publishing,1974.07,yes,single-page; photographs,"Moscow, Idaho","Aguas Buenas, Puerto Rico",18.25693857,-66.10638862,,"University of Idaho Library Digital Initiatives, https://www.lib.uidaho.edu/digital/","MG 101, Frank Bruce Robinson. Papers, 1929-1951, University of Idaho Library Special Collections and Archives",https://archiveswest.orbiscascade.org/ark:/80444/xv97133/op=fstyle.aspx?t=k&q=psychiana,"MG-101, Box 6, Folder - 'Psychiana Photographs'",mg101_b6_psychiana_photographs_002,"Educational use includes non-commercial use of text and images in materials for teaching and research purposes. Digital reproduction permissions granted by University of Idaho Library Special Collections and Archives Department. For other uses beyond free use, please contact University of Idaho Library Special Collections and Archives Department at libspec@uidaho.edu.",https://rightsstatements.org/vocab/InC-EDU/1.0/,Image;StillImage,eng,https://archiveswest.orbiscascade.org/ark:/80444/xv97133/op=fstyle.aspx?t=k&q=psychiana
blackworld019,https://books.google.com/books?id=cToDAAAAMBAJ&lpg=PA1&pg=PA34#v=onepage&q&f=false,,The Spiritual as Mature Chord Composition,image/jpeg,A brief history of the development of Gospel music,Wendell Phillips Whalum,Johnson Publishing,1974.07,yes,single-page; photographs,Psychiana Headquarters; Psychiana Staff; Bookkeeping; Mailings,"Atlanta, Georgia",33.74741254,-84.41557092,,"University of Idaho Library Digital Initiatives, https://www.lib.uidaho.edu/digital/","MG 101, Frank Bruce Robinson. Papers, 1929-1951, University of Idaho Library Special Collections and Archives",https://archiveswest.orbiscascade.org/ark:/80444/xv97133/op=fstyle.aspx?t=k&q=psychiana,"MG-101, Box 6, Folder - 'Psychiana Photographs'",mg101_b6_psychiana_photographs_011,"Educational use includes non-commercial use of text and images in materials for teaching and research purposes. Digital reproduction permissions granted by University of Idaho Library Special Collections and Archives Department. For other uses beyond free use, please contact University of Idaho Library Special Collections and Archives Department at libspec@uidaho.edu.",https://rightsstatements.org/vocab/InC-EDU/1.0/,Image;StillImage,eng,https://archiveswest.orbiscascade.org/ark:/80444/xv97133/op=fstyle.aspx?t=k&q=psychiana
blackworld020,https://books.google.com/books?id=cToDAAAAMBAJ&lpg=PA1&pg=PA40#v=onepage&q&f=false,,Special Reports: The Performing Arts in Jamaica,image/jpeg,"This article serves as partly a review of a Jamaican dance company visiting NYC, but also a reflection on how Black Caribbean cultures are viewed in the United States. It is also an informational piece on Jamaican culture.",Rex Nettleford,Johnson Publishing,1974.07,yes,single-page; photographs,"Moscow, Idaho; Drug Store Clerk","Kingston, Jamaica",18.01661293,-76.79722887,,"University of Idaho Library Digital Initiatives, https://www.lib.uidaho.edu/digital/","MG 101, Frank Bruce Robinson. Papers, 1929-1951, University of Idaho Library Special Collections and Archives",https://archiveswest.orbiscascade.org/ark:/80444/xv97133/op=fstyle.aspx?t=k&q=psychiana,"MG-101, Box 6, Folder - 'Psychiana Photographs'",mg101_b6_psychiana_photographs_001,"Educational use includes non-commercial use of text and images in materials for teaching and research purposes. Digital reproduction permissions granted by University of Idaho Library Special Collections and Archives Department. For other uses beyond free use, please contact University of Idaho Library Special Collections and Archives Department at libspec@uidaho.edu.",https://rightsstatements.org/vocab/InC-EDU/1.0/,Image;StillImage,eng,https://archiveswest.orbiscascade.org/ark:/80444/xv97133/op=fstyle.aspx?t=k&q=psychiana
blackworld021,https://books.google.com/books?id=cToDAAAAMBAJ&lpg=PA1&pg=PA47#v=onepage&q&f=false,,Theater,image/jpeg,"This article reviews the Jamaican art fesitival in 1973, and discusses Jamaican theater practices. It also  announces the establishment of new Black magazines related to theatre, literature and other topics. ",Ed Smith,Johnson Publishing,1974.07,yes,single-page; photographs,Daily Idahoan; Psychiana Staff,"Kingston, Jamaica",18.01661293,-76.79722887,Daily Idahoan,"University of Idaho Library Digital Initiatives, https://www.lib.uidaho.edu/digital/","MG 101, Frank Bruce Robinson. Papers, 1929-1951, University of Idaho Library Special Collections and Archives",https://archiveswest.orbiscascade.org/ark:/80444/xv97133/op=fstyle.aspx?t=k&q=psychiana,"MG-101, Box 6, Folder - 'Psychiana Photographs'",mg101_b6_psychiana_photographs_039,"Educational use includes non-commercial use of text and images in materials for teaching and research purposes. Digital reproduction permissions granted by University of Idaho Library Special Collections and Archives Department. For other uses beyond free use, please contact University of Idaho Library Special Collections and Archives Department at libspec@uidaho.edu.",https://rightsstatements.org/vocab/InC-EDU/1.0/,Image;StillImage,eng,https://archiveswest.orbiscascade.org/ark:/80444/xv97133/op=fstyle.aspx?t=k&q=psychiana
blackworld022,https://books.google.com/books?id=cToDAAAAMBAJ&lpg=PA1&pg=PA49#v=onepage&q&f=false,,Perspectives: Duke Ellington: Communicator,image/jpeg,A short article memoralizing American composer Duke Ellington,Carole A. Parks,Johnson Publishing,1974.07,yes,single-page; photographs,The News Review; Frank B. Robinson,"New York City, New York",40.8185176,-73.93766601,The News-Review,"University of Idaho Library Digital Initiatives, https://www.lib.uidaho.edu/digital/","MG 101, Frank Bruce Robinson. Papers, 1929-1951, University of Idaho Library Special Collections and Archives",https://archiveswest.orbiscascade.org/ark:/80444/xv97133/op=fstyle.aspx?t=k&q=psychiana,"MG-101, Box 6, Folder - 'Robinson & Friends'",mg101_b6_robinson_friends_008,"Educational use includes non-commercial use of text and images in materials for teaching and research purposes. Digital reproduction permissions granted by University of Idaho Library Special Collections and Archives Department. For other uses beyond free use, please contact University of Idaho Library Special Collections and Archives Department at libspec@uidaho.edu.",https://rightsstatements.org/vocab/InC-EDU/1.0/,Image;StillImage,eng,https://archiveswest.orbiscascade.org/ark:/80444/xv97133/op=fstyle.aspx?t=k&q=psychiana
blackworld023,https://books.google.com/books?id=cToDAAAAMBAJ&lpg=PA1&pg=PA51#v=onepage&q&f=false,,Books Noted: The African Origin of Civilization: Myth or Reality ,image/jpeg,"A book review of Chiekh Anta Diop's book the African Origin of Civilization, which majority challenged western assumptions on ancient history and Black African's involvement in the development of civilizations. ",John Henrik Clarke,Johnson Publishing,1974.07,yes,single-page; photographs,Duesenberg Convertible Coupe,"Cairo, Egypt",29.97981069,31.13442524,,"University of Idaho Library Digital Initiatives, https://www.lib.uidaho.edu/digital/","MG 101, Frank Bruce Robinson. Papers, 1929-1951, University of Idaho Library Special Collections and Archives",https://archiveswest.orbiscascade.org/ark:/80444/xv97133/op=fstyle.aspx?t=k&q=psychiana,"MG-101, Box 6, Folder - 'Photographs'",mg101_b6_photographs_06,"Educational use includes non-commercial use of text and images in materials for teaching and research purposes. Digital reproduction permissions granted by University of Idaho Library Special Collections and Archives Department. For other uses beyond free use, please contact University of Idaho Library Special Collections and Archives Department at libspec@uidaho.edu.",https://rightsstatements.org/vocab/InC-EDU/1.0/,Image;StillImage,eng,https://archiveswest.orbiscascade.org/ark:/80444/xv97133/op=fstyle.aspx?t=k&q=psychiana
blackworld024,https://books.google.com/books?id=cToDAAAAMBAJ&lpg=PA1&pg=PA53#v=onepage&q&f=false,,The Poet,image/jpeg,A short story about a troubled man the narrator calls 'the poet.',Ronald Fair,Johnson Publishing,1974.07,yes,single-page; photographs,Duesenberg Convertible Coupe; Public Square,Switzerland,46.95557141,8.154358528,,"University of Idaho Library Digital Initiatives, https://www.lib.uidaho.edu/digital/","MG 101, Frank Bruce Robinson. Papers, 1929-1951, University of Idaho Library Special Collections and Archives",https://archiveswest.orbiscascade.org/ark:/80444/xv97133/op=fstyle.aspx?t=k&q=psychiana,"MG-101, Box 6, Folder - 'Photographs'",mg101_b6_photographs_07,"Educational use includes non-commercial use of text and images in materials for teaching and research purposes. Digital reproduction permissions granted by University of Idaho Library Special Collections and Archives Department. For other uses beyond free use, please contact University of Idaho Library Special Collections and Archives Department at libspec@uidaho.edu.",https://rightsstatements.org/vocab/InC-EDU/1.0/,Image;StillImage,eng,https://archiveswest.orbiscascade.org/ark:/80444/xv97133/op=fstyle.aspx?t=k&q=psychiana
blackworld025,https://books.google.com/books?id=cToDAAAAMBAJ&lpg=PA1&pg=PA60#v=onepage&q&f=false,,Final Curtain for Anita Bush,image/jpeg,"A obituary for Anita Bush, who owned an operated an all Black theatre company in Harlem.",Francisca Thompson,Johnson Publishing,1974.07,yes,single-page; photographs,Duesenberg Convertible Coupe; Home,"New York City, New York",40.82215321,-73.94671643,,"University of Idaho Library Digital Initiatives, https://www.lib.uidaho.edu/digital/","MG 101, Frank Bruce Robinson. Papers, 1929-1951, University of Idaho Library Special Collections and Archives",https://archiveswest.orbiscascade.org/ark:/80444/xv97133/op=fstyle.aspx?t=k&q=psychiana,"MG-101, Box 6, Folder - 'Photographs'",mg101_b6_photographs_02,"Educational use includes non-commercial use of text and images in materials for teaching and research purposes. Digital reproduction permissions granted by University of Idaho Library Special Collections and Archives Department. For other uses beyond free use, please contact University of Idaho Library Special Collections and Archives Department at libspec@uidaho.edu.",https://rightsstatements.org/vocab/InC-EDU/1.0/,Image;StillImage,eng,https://archiveswest.orbiscascade.org/ark:/80444/xv97133/op=fstyle.aspx?t=k&q=psychiana
blackworld026,https://books.google.com/books?id=cToDAAAAMBAJ&lpg=PA1&pg=PA64#v=onepage&q&f=false,,"My House//poems by Nikki Giovanni, Like a Ripple on a Pond// record by Nikki Giovanni",image/jpeg,A book review and analysis of Nikki Giovanni's poetry collection 'My House' and record 'Like a Ripple on a Pond.',Kalamu Ya Salaam,Johnson Publishing,1974.07,yes,single-page; photographs,Daily Idahoan; Psychiana Staff,"Newark, New Jersey",40.7416495,-74.17429639,Daily Idahoan,"University of Idaho Library Digital Initiatives, https://www.lib.uidaho.edu/digital/","MG 101, Frank Bruce Robinson. Papers, 1929-1951, University of Idaho Library Special Collections and Archives",https://archiveswest.orbiscascade.org/ark:/80444/xv97133/op=fstyle.aspx?t=k&q=psychiana,"MG-101, Box 6, Folder - 'Psychiana Photographs'",mg101_b6_psychiana_photographs_037b,"Educational use includes non-commercial use of text and images in materials for teaching and research purposes. Digital reproduction permissions granted by University of Idaho Library Special Collections and Archives Department. For other uses beyond free use, please contact University of Idaho Library Special Collections and Archives Department at libspec@uidaho.edu.",https://rightsstatements.org/vocab/InC-EDU/1.0/,Image;StillImage,eng,https://archiveswest.orbiscascade.org/ark:/80444/xv97133/op=fstyle.aspx?t=k&q=psychiana
blackworld027,https://books.google.com/books?id=cToDAAAAMBAJ&lpg=PA1&pg=PA71#v=onepage&q&f=false,,The Black Book,image/jpeg,"A book review of the historical anthology book, The Black Book. ",Woodie King Jr.,Johnson Publishing,1974.07,yes,single-page; photographs,Pipe Organ,"New York City, New York",40.71342157,-73.98985449,,"University of Idaho Library Digital Initiatives, https://www.lib.uidaho.edu/digital/","MG 101, Frank Bruce Robinson. Papers, 1929-1951, University of Idaho Library Special Collections and Archives",https://archiveswest.orbiscascade.org/ark:/80444/xv97133/op=fstyle.aspx?t=k&q=psychiana,"MG-101, Box 6, Folder - 'Photographs'",mg101_b6_photographs_01,"Educational use includes non-commercial use of text and images in materials for teaching and research purposes. Digital reproduction permissions granted by University of Idaho Library Special Collections and Archives Department. For other uses beyond free use, please contact University of Idaho Library Special Collections and Archives Department at libspec@uidaho.edu.",https://rightsstatements.org/vocab/InC-EDU/1.0/,Image;StillImage,eng,https://archiveswest.orbiscascade.org/ark:/80444/xv97133/op=fstyle.aspx?t=k&q=psychiana
blackworld028,https://books.google.com/books?id=cToDAAAAMBAJ&lpg=PA1&pg=PA72#v=onepage&q&f=false,,Antigua Black,image/jpeg,"A book review of Antigua Black, a book about the Black people of Antigua",,johnson Publishing,1974.07,,single-page; photographs,Psychiana Headquarters; Psychiana Staff,Antigua,17.07646356,-61.81705914,,"University of Idaho Library Digital Initiatives, https://www.lib.uidaho.edu/digital/","MG 101, Frank Bruce Robinson. Papers, 1929-1951, University of Idaho Library Special Collections and Archives",https://archiveswest.orbiscascade.org/ark:/80444/xv97133/op=fstyle.aspx?t=k&q=psychiana,"MG-101, Box 6, Folder - 'Psychiana Photographs'",mg101_b6_psychiana_photographs_018a,"Educational use includes non-commercial use of text and images in materials for teaching and research purposes. Digital reproduction permissions granted by University of Idaho Library Special Collections and Archives Department. For other uses beyond free use, please contact University of Idaho Library Special Collections and Archives Department at libspec@uidaho.edu.",https://rightsstatements.org/vocab/InC-EDU/1.0/,Image;StillImage,eng,https://archiveswest.orbiscascade.org/ark:/80444/xv97133/op=fstyle.aspx?t=k&q=psychiana
blackworld029,https://books.google.com/books?id=cToDAAAAMBAJ&lpg=PA1&pg=PA77#v=onepage&q&f=false,,Music Festival,image/jpeg,"An announcement for the Second John Henry Memorial Authentic Blues and Gospel Jubilee in Clifftop, West Virginia",,johnson Publishing,1974.07,yes,single-page; photographs,Daily Idahoan; Psychiana Staff,"Clifftop, West Virginia",38.00414284,-80.94355595,Daily Idahoan,"University of Idaho Library Digital Initiatives, https://www.lib.uidaho.edu/digital/","MG 101, Frank Bruce Robinson. Papers, 1929-1951, University of Idaho Library Special Collections and Archives",https://archiveswest.orbiscascade.org/ark:/80444/xv97133/op=fstyle.aspx?t=k&q=psychiana,"MG-101, Box 6, Folder - 'Psychiana Photographs'",mg101_b6_psychiana_photographs_038,"Educational use includes non-commercial use of text and images in materials for teaching and research purposes. Digital reproduction permissions granted by University of Idaho Library Special Collections and Archives Department. For other uses beyond free use, please contact University of Idaho Library Special Collections and Archives Department at libspec@uidaho.edu.",https://rightsstatements.org/vocab/InC-EDU/1.0/,Image;StillImage,eng,https://archiveswest.orbiscascade.org/ark:/80444/xv97133/op=fstyle.aspx?t=k&q=psychiana
blackworld030,https://books.google.com/books?id=cToDAAAAMBAJ&lpg=PA1&pg=PA78#v=onepage&q&f=false,,The Novels of Hal Bennett Part II,image/jpeg,"In this article, Walcott analyzes the works of Hal Bennett. This article is a continuation of Walcott's work in the June 1974 issue. This article covers Bennett's novels Lord of Dark Places, A Wilderness of Vines and The Black Vine. ",Ronald Walcott,johnson Publishing,1974.07,,single-page; photographs,Psychiana Headquarters; Psychiana Staff,"New York City, New York",40.66785978,40.66785978,,"University of Idaho Library Digital Initiatives, https://www.lib.uidaho.edu/digital/","MG 101, Frank Bruce Robinson. Papers, 1929-1951, University of Idaho Library Special Collections and Archives",https://archiveswest.orbiscascade.org/ark:/80444/xv97133/op=fstyle.aspx?t=k&q=psychiana,"MG-101, Box 6, Folder - 'Psychiana Photographs'",mg101_b6_psychiana_photographs_015,"Educational use includes non-commercial use of text and images in materials for teaching and research purposes. Digital reproduction permissions granted by University of Idaho Library Special Collections and Archives Department. For other uses beyond free use, please contact University of Idaho Library Special Collections and Archives Department at libspec@uidaho.edu.",https://rightsstatements.org/vocab/InC-EDU/1.0/,Image;StillImage,eng,https://archiveswest.orbiscascade.org/ark:/80444/xv97133/op=fstyle.aspx?t=k&q=psychiana
blackworld031,https://books.google.com/books?id=cToDAAAAMBAJ&lpg=PA1&pg=PA97#v=onepage&q&f=false,,Hands,image/jpeg,A poem about nature. ,Ashanti,johnson Publishing,1974.07,,single-page; photographs,Psychiana Headquarters; Psychiana Staff; Lessons,,,,,"University of Idaho Library Digital Initiatives, https://www.lib.uidaho.edu/digital/","MG 101, Frank Bruce Robinson. Papers, 1929-1951, University of Idaho Library Special Collections and Archives",https://archiveswest.orbiscascade.org/ark:/80444/xv97133/op=fstyle.aspx?t=k&q=psychiana,"MG-101, Box 6, Folder - 'Psychiana Photographs'",mg101_b6_psychiana_photographs_021,"Educational use includes non-commercial use of text and images in materials for teaching and research purposes. Digital reproduction permissions granted by University of Idaho Library Special Collections and Archives Department. For other uses beyond free use, please contact University of Idaho Library Special Collections and Archives Department at libspec@uidaho.edu.",https://rightsstatements.org/vocab/InC-EDU/1.0/,Image;StillImage,eng,https://archiveswest.orbiscascade.org/ark:/80444/xv97133/op=fstyle.aspx?t=k&q=psychiana
blackworld032,https://books.google.com/books?id=cToDAAAAMBAJ&lpg=PA1&pg=PT3#v=onepage&q&f=false,,"Would He Look Better in a Sweater and Chinos, with a science book under his arm?",image/jpeg,"A critique of both white and black people from all political ideologies, who condemn Black 'militants'.",,johnson Publishing,1974.07,yes,single-page; photographs,Psychiana Headquarters; Psychiana Staff,,,,,"University of Idaho Library Digital Initiatives, https://www.lib.uidaho.edu/digital/","MG 101, Frank Bruce Robinson. Papers, 1929-1951, University of Idaho Library Special Collections and Archives",https://archiveswest.orbiscascade.org/ark:/80444/xv97133/op=fstyle.aspx?t=k&q=psychiana,"MG-101, Box 6, Folder - 'Psychiana Photographs'",mg101_b6_psychiana_photographs_010,"Educational use includes non-commercial use of text and images in materials for teaching and research purposes. Digital reproduction permissions granted by University of Idaho Library Special Collections and Archives Department. For other uses beyond free use, please contact University of Idaho Library Special Collections and Archives Department at libspec@uidaho.edu.",https://rightsstatements.org/vocab/InC-EDU/1.0/,Image;StillImage,eng,https://archiveswest.orbiscascade.org/ark:/80444/xv97133/op=fstyle.aspx?t=k&q=psychiana
blackworld033,https://books.google.com/books?id=vjkDAAAAMBAJ&lpg=PA1&pg=PA4#v=onepage&q&f=false,,On Richard Wright and Zora Neale Hurston,image/jpeg,"An article about the two famous early twentieth century Black writers, Zora Neale Hurston and Richard Wright. This article explores these two's works, as well as the similarities and differences in opinion on race between the two.",June Jordan,johnson Publishing,1974.08,,single-page; photographs,Psychiana Headquarters; Psychiana Staff,"New York City, New York",40.66785978,40.66785978,,"University of Idaho Library Digital Initiatives, https://www.lib.uidaho.edu/digital/","MG 101, Frank Bruce Robinson. Papers, 1929-1951, University of Idaho Library Special Collections and Archives",https://archiveswest.orbiscascade.org/ark:/80444/xv97133/op=fstyle.aspx?t=k&q=psychiana,"MG-101, Box 6, Folder - 'Psychiana Photographs'",mg101_b6_psychiana_photographs_019,"Educational use includes non-commercial use of text and images in materials for teaching and research purposes. Digital reproduction permissions granted by University of Idaho Library Special Collections and Archives Department. For other uses beyond free use, please contact University of Idaho Library Special Collections and Archives Department at libspec@uidaho.edu.",https://rightsstatements.org/vocab/InC-EDU/1.0/,Image;StillImage,eng,https://archiveswest.orbiscascade.org/ark:/80444/xv97133/op=fstyle.aspx?t=k&q=psychiana
blackworld034,https://books.google.com/books?id=vjkDAAAAMBAJ&lpg=PA1&pg=PA10#v=onepage&q&f=false,,Black Women Image Makers,image/jpeg,"This article examines negative portrayals of Black women in white media, and the Black female writers like Maya Angelou, Alice Walker, Paule Marshall, and others. ",Mary Helen Washington,johnson Publishing,1974.08,yes,single-page; photographs,"Moscow, Idaho; Finances","Detriot, Michigan",42.41406883,-83.13803536,,"University of Idaho Library Digital Initiatives, https://www.lib.uidaho.edu/digital/","MG 101, Frank Bruce Robinson. Papers, 1929-1951, University of Idaho Library Special Collections and Archives",https://archiveswest.orbiscascade.org/ark:/80444/xv97133/op=fstyle.aspx?t=k&q=psychiana,"MG-101, Box 6, Folder - 'Psychiana Photographs'",mg101_b6_psychiana_photographs_003,"Educational use includes non-commercial use of text and images in materials for teaching and research purposes. Digital reproduction permissions granted by University of Idaho Library Special Collections and Archives Department. For other uses beyond free use, please contact University of Idaho Library Special Collections and Archives Department at libspec@uidaho.edu.",https://rightsstatements.org/vocab/InC-EDU/1.0/,Image;StillImage,eng,https://archiveswest.orbiscascade.org/ark:/80444/xv97133/op=fstyle.aspx?t=k&q=psychiana
blackworld035,https://books.google.com/books?id=vjkDAAAAMBAJ&lpg=PA1&pg=PA19#v=onepage&q&f=false,,A Sea of Brown Boys,image/jpeg,A poem about inner city Black communities,Barbara D. Mahone,johnson Publishing,1974.08,yes,single-page; photographs,Daily Idahoan; Psychiana Staff,"Chicago, Illinois",41.88235766,-87.61530771,Daily Idahoan,"University of Idaho Library Digital Initiatives, https://www.lib.uidaho.edu/digital/","MG 101, Frank Bruce Robinson. Papers, 1929-1951, University of Idaho Library Special Collections and Archives",https://archiveswest.orbiscascade.org/ark:/80444/xv97133/op=fstyle.aspx?t=k&q=psychiana,"MG-101, Box 6, Folder - 'Psychiana Photographs'",mg101_b6_psychiana_photographs_035,"Educational use includes non-commercial use of text and images in materials for teaching and research purposes. Digital reproduction permissions granted by University of Idaho Library Special Collections and Archives Department. For other uses beyond free use, please contact University of Idaho Library Special Collections and Archives Department at libspec@uidaho.edu.",https://rightsstatements.org/vocab/InC-EDU/1.0/,Image;StillImage,eng,https://archiveswest.orbiscascade.org/ark:/80444/xv97133/op=fstyle.aspx?t=k&q=psychiana
blackworld036,https://books.google.com/books?id=vjkDAAAAMBAJ&lpg=PA1&pg=PA20#v=onepage&q&f=false,,Zora Neale Hurston: The Novelist-Antrhopologist's Life/Works,image/jpeg,This article is the biography of the life and work of Zora Neale Hurston,Ellease Southerland,johnson Publishing,1974.08,yes,single-page; photographs,Psychiana Headquarters; Psychiana Staff,"Eatonville, Florida","28.618173456440488, ",-81.39308374,,"University of Idaho Library Digital Initiatives, https://www.lib.uidaho.edu/digital/","MG 101, Frank Bruce Robinson. Papers, 1929-1951, University of Idaho Library Special Collections and Archives",https://archiveswest.orbiscascade.org/ark:/80444/xv97133/op=fstyle.aspx?t=k&q=psychiana,"MG-101, Box 6, Folder - 'Psychiana Photographs'",mg101_b6_psychiana_photographs_017,"Educational use includes non-commercial use of text and images in materials for teaching and research purposes. Digital reproduction permissions granted by University of Idaho Library Special Collections and Archives Department. For other uses beyond free use, please contact University of Idaho Library Special Collections and Archives Department at libspec@uidaho.edu.",https://rightsstatements.org/vocab/InC-EDU/1.0/,Image;StillImage,eng,https://archiveswest.orbiscascade.org/ark:/80444/xv97133/op=fstyle.aspx?t=k&q=psychiana
blackworld037,https://books.google.com/books?id=vjkDAAAAMBAJ&lpg=PA1&pg=PA30#v=onepage&q&f=false,,The Televised Rape of Miss Jane Pitman,image/jpeg,This article is a critique of the 1974 television movie  The Autobiography of Miss Jane Pittman,Alvin Ramsey,johnson Publishing,1974.08,,single-page; photographs,Psychiana Headquarters; Psychiana Staff; Mailings,Louisiana,32.07214189,-92.39524997,,"University of Idaho Library Digital Initiatives, https://www.lib.uidaho.edu/digital/","MG 101, Frank Bruce Robinson. Papers, 1929-1951, University of Idaho Library Special Collections and Archives",https://archiveswest.orbiscascade.org/ark:/80444/xv97133/op=fstyle.aspx?t=k&q=psychiana,"MG-101, Box 6, Folder - 'Psychiana Photographs'",mg101_b6_psychiana_photographs_028,"Educational use includes non-commercial use of text and images in materials for teaching and research purposes. Digital reproduction permissions granted by University of Idaho Library Special Collections and Archives Department. For other uses beyond free use, please contact University of Idaho Library Special Collections and Archives Department at libspec@uidaho.edu.",https://rightsstatements.org/vocab/InC-EDU/1.0/,Image;StillImage,eng,https://archiveswest.orbiscascade.org/ark:/80444/xv97133/op=fstyle.aspx?t=k&q=psychiana
blackworld038,https://books.google.com/books?id=vjkDAAAAMBAJ&lpg=PA1&pg=PA37#v=onepage&q&f=false,,On a Dead Child,image/jpeg,A poem about violence,Elwood N. Dudley,johnson Publishing,1974.08,yes,single-page; photographs,Psychiana Headquarters; Psychiana Staff; Mailings,"Madison, Minnesota",45.01313444,-96.19176182,,"University of Idaho Library Digital Initiatives, https://www.lib.uidaho.edu/digital/","MG 101, Frank Bruce Robinson. Papers, 1929-1951, University of Idaho Library Special Collections and Archives",https://archiveswest.orbiscascade.org/ark:/80444/xv97133/op=fstyle.aspx?t=k&q=psychiana,"MG-101, Box 6, Folder - 'Psychiana Photographs'",mg101_b6_psychiana_photographs_040,"Educational use includes non-commercial use of text and images in materials for teaching and research purposes. Digital reproduction permissions granted by University of Idaho Library Special Collections and Archives Department. For other uses beyond free use, please contact University of Idaho Library Special Collections and Archives Department at libspec@uidaho.edu.",https://rightsstatements.org/vocab/InC-EDU/1.0/,Image;StillImage,eng,https://archiveswest.orbiscascade.org/ark:/80444/xv97133/op=fstyle.aspx?t=k&q=psychiana
blackworld039,https://books.google.com/books?id=vjkDAAAAMBAJ&lpg=PA1&pg=PA38#v=onepage&q&f=false,,The Collapse of Portugal's African Empire,image/jpeg,"An article about the European colonization of Africa, and how Portuguese control of Africa fell to independence movements in the early 1970s",Ladun Anise,johnson Publishing,1974.08,yes,single-page; photographs,Portraits; Middle-Aged Frank B. Robinson,Angola,-11.10947599,17.09815264,,"University of Idaho Library Digital Initiatives, https://www.lib.uidaho.edu/digital/","MG 101, Frank Bruce Robinson. Papers, 1929-1951, University of Idaho Library Special Collections and Archives",https://archiveswest.orbiscascade.org/ark:/80444/xv97133/op=fstyle.aspx?t=k&q=psychiana,"MG-101, Box 6, Folder - 'Photographs'",mg101_b6_photographs_04,"Educational use includes non-commercial use of text and images in materials for teaching and research purposes. Digital reproduction permissions granted by University of Idaho Library Special Collections and Archives Department. For other uses beyond free use, please contact University of Idaho Library Special Collections and Archives Department at libspec@uidaho.edu.",https://rightsstatements.org/vocab/InC-EDU/1.0/,Image;StillImage,eng,https://archiveswest.orbiscascade.org/ark:/80444/xv97133/op=fstyle.aspx?t=k&q=psychiana
blackworld040,https://books.google.com/books?id=vjkDAAAAMBAJ&lpg=PA1&pg=PA40#v=onepage&q&f=false,,The Developing Crisis in Southern Africa,image/jpeg,An article about the political strife in Zamiba in the 1970s,T.X. Makiwane,johnson Publishing,1974.08,yes,single-page; photographs,Portraits; Middle-Aged Frank B. Robinson,Zambia,-13.83410996,28.11357257,,"University of Idaho Library Digital Initiatives, https://www.lib.uidaho.edu/digital/","MG 101, Frank Bruce Robinson. Papers, 1929-1951, University of Idaho Library Special Collections and Archives",https://archiveswest.orbiscascade.org/ark:/80444/xv97133/op=fstyle.aspx?t=k&q=psychiana,"MG-101, Box 6, Folder - 'Photographs'",mg101_b6_photographs_05,"Educational use includes non-commercial use of text and images in materials for teaching and research purposes. Digital reproduction permissions granted by University of Idaho Library Special Collections and Archives Department. For other uses beyond free use, please contact University of Idaho Library Special Collections and Archives Department at libspec@uidaho.edu.",https://rightsstatements.org/vocab/InC-EDU/1.0/,Image;StillImage,eng,https://archiveswest.orbiscascade.org/ark:/80444/xv97133/op=fstyle.aspx?t=k&q=psychiana
blackworld041,https://books.google.com/books?id=vjkDAAAAMBAJ&lpg=PA1&pg=PA48#v=onepage&q&f=false,,Moments,image/jpeg,A poem about war,Nubia Kai,johnson Publishing,1974.08,yes,single-page; photographs,Portraits; Middle-Aged Frank B. Robinson,"Detroit, Michigan",42.33229213,-83.04566496,,"University of Idaho Library Digital Initiatives, https://www.lib.uidaho.edu/digital/","MG 101, Frank Bruce Robinson. Papers, 1929-1951, University of Idaho Library Special Collections and Archives",https://archiveswest.orbiscascade.org/ark:/80444/xv97133/op=fstyle.aspx?t=k&q=psychiana,"MG-101, Box 6, Folder - 'Photographs'",mg101_b6_photographs_08,"Educational use includes non-commercial use of text and images in materials for teaching and research purposes. Digital reproduction permissions granted by University of Idaho Library Special Collections and Archives Department. For other uses beyond free use, please contact University of Idaho Library Special Collections and Archives Department at libspec@uidaho.edu.",https://rightsstatements.org/vocab/InC-EDU/1.0/,Image;StillImage,eng,https://archiveswest.orbiscascade.org/ark:/80444/xv97133/op=fstyle.aspx?t=k&q=psychiana
blackworld042,https://books.google.com/books?id=vjkDAAAAMBAJ&lpg=PA1&pg=PA49#v=onepage&q&f=false,,Festival Warning,application/pdf,"A warning about a scam going on at the time, where people posed as travel agents and took money from African Americans trying to go to a music fesitival in Lagos.",,johnson Publishing,1974.08,yes,multiple-page; application forms,Application; Commission; Teaching; Sales Agent; Spreading Psychiana,"Lagos, Nigeria",6.51528324,3.360839691,,"University of Idaho Library Digital Initiatives, https://www.lib.uidaho.edu/digital/","MG 101, Frank Bruce Robinson. Papers, 1929-1951, University of Idaho Library Special Collections and Archives",https://archiveswest.orbiscascade.org/ark:/80444/xv97133/op=fstyle.aspx?t=k&q=psychiana,"MG-101, Box 7, Folder 23",mg101_b7_f23_040,"Educational use includes non-commercial use of text and images in materials for teaching and research purposes. Digital reproduction permissions granted by University of Idaho Library Special Collections and Archives Department. For other uses beyond free use, please contact University of Idaho Library Special Collections and Archives Department at libspec@uidaho.edu.",https://rightsstatements.org/vocab/InC-EDU/1.0/,Text,eng,https://archiveswest.orbiscascade.org/ark:/80444/xv97133/op=fstyle.aspx?t=k&q=psychiana
blackworld043,https://books.google.com/books?id=vjkDAAAAMBAJ&lpg=PA1&pg=PA49#v=onepage&q&f=false,,Perspectives,application/pdf,"A review of new at the time books, plays, music acts, etc, notable in the Black community. Some standouts are James Baldwin's If Beale Street Could Talk, publications in the Black Scholar and a poetry collection by Joyce Carol Thomas. It also notes grants won by African American professors and art museums. ",,johnson Publishing,1974.08,yes,single-page; order forms,Order Blank; Prices; Psychiana Publications,,,,,"University of Idaho Library Digital Initiatives, https://www.lib.uidaho.edu/digital/","MG 101, Frank Bruce Robinson. Papers, 1929-1951, University of Idaho Library Special Collections and Archives",https://archiveswest.orbiscascade.org/ark:/80444/xv97133/op=fstyle.aspx?t=k&q=psychiana,"MG-101, Box 7, Folder 23",mg101_b7_f23_041,"Educational use includes non-commercial use of text and images in materials for teaching and research purposes. Digital reproduction permissions granted by University of Idaho Library Special Collections and Archives Department. For other uses beyond free use, please contact University of Idaho Library Special Collections and Archives Department at libspec@uidaho.edu.",https://rightsstatements.org/vocab/InC-EDU/1.0/,Text,eng,https://archiveswest.orbiscascade.org/ark:/80444/xv97133/op=fstyle.aspx?t=k&q=psychiana
blackworld044,https://books.google.com/books?id=vjkDAAAAMBAJ&lpg=PA1&pg=PA51#v=onepage&q&f=false,,"Books Noted: The Price is Too High: A Look at Wole Soyinka's ""The Man Died""",application/pdf,"A book review of Wole Soyinka's ""The Man Died,"" which is a collection of his notes from prison during the Nigerian Civil War",Carrie Sembene,johnson Publishing,1974.08,yes,single-page; instructions,Students Exercises; Psychiana Affirmations,"Abeokuta, Nigeria",7.151428227,3.329625732,,"University of Idaho Library Digital Initiatives, https://www.lib.uidaho.edu/digital/","MG 101, Frank Bruce Robinson. Papers, 1929-1951, University of Idaho Library Special Collections and Archives",https://archiveswest.orbiscascade.org/ark:/80444/xv97133/op=fstyle.aspx?t=k&q=psychiana,"MG-101, Box 7, Folder 23",mg101_b7_f23_042,"Educational use includes non-commercial use of text and images in materials for teaching and research purposes. Digital reproduction permissions granted by University of Idaho Library Special Collections and Archives Department. For other uses beyond free use, please contact University of Idaho Library Special Collections and Archives Department at libspec@uidaho.edu.",https://rightsstatements.org/vocab/InC-EDU/1.0/,Text,eng,https://archiveswest.orbiscascade.org/ark:/80444/xv97133/op=fstyle.aspx?t=k&q=psychiana
blackworld045,https://books.google.com/books?id=vjkDAAAAMBAJ&lpg=PA1&pg=PA53#v=onepage&q&f=false,,Manchupa Suite,application/pdf,A short poem about identity,Everett Hoagland,johnson Publishing,1974.08,,multiple-page; flyers,Successful; Material Abundance; Spiritual Abundance Reason; Law; Los Angeles,"Dartmouth, Massachusetts",41.62669965,-71.00545506,,"University of Idaho Library Digital Initiatives, https://www.lib.uidaho.edu/digital/","MG 101, Frank Bruce Robinson. Papers, 1929-1951, University of Idaho Library Special Collections and Archives",https://archiveswest.orbiscascade.org/ark:/80444/xv97133/op=fstyle.aspx?t=k&q=psychiana,"MG-101, Box 7, Folder 23",mg101_b7_f23_043,"Educational use includes non-commercial use of text and images in materials for teaching and research purposes. Digital reproduction permissions granted by University of Idaho Library Special Collections and Archives Department. For other uses beyond free use, please contact University of Idaho Library Special Collections and Archives Department at libspec@uidaho.edu.",https://rightsstatements.org/vocab/InC-EDU/1.0/,Text,eng,https://archiveswest.orbiscascade.org/ark:/80444/xv97133/op=fstyle.aspx?t=k&q=psychiana
blackworld046,https://books.google.com/books?id=vjkDAAAAMBAJ&lpg=PA1&pg=PA54#v=onepage&q&f=false,,Pigs,application/pdf,A short story about a Black Muslim couple and preserving their heritage through food,Everett Hoagland,johnson Publishing,1974.08,yes,multiple-page; flyers,Doomed; Atomic War; Hiroshima; Civilizations; World War,"New Bedford, Massachusetts",41.6873536,-70.92650068,,"University of Idaho Library Digital Initiatives, https://www.lib.uidaho.edu/digital/","MG 101, Frank Bruce Robinson. Papers, 1929-1951, University of Idaho Library Special Collections and Archives",https://archiveswest.orbiscascade.org/ark:/80444/xv97133/op=fstyle.aspx?t=k&q=psychiana,"MG-101, Box 7, Folder 23",mg101_b7_f23_044,"Educational use includes non-commercial use of text and images in materials for teaching and research purposes. Digital reproduction permissions granted University of Idaho Library Special Collections and Archives Department. For other uses beyond free use, please contact University of Idaho Library Special Collections and Archives Department at libspec@uidaho.edu.",https://rightsstatements.org/vocab/InC-EDU/1.0/,Text,eng,https://archiveswest.orbiscascade.org/ark:/80444/xv97133/op=fstyle.aspx?t=k&q=psychiana
blackworld047,https://books.google.com/books?id=vjkDAAAAMBAJ&lpg=PA1&pg=PA57#v=onepage&q&f=false,,"Batuki: For Recalcitrant Cape Verdean Americans and Other ""Black"" Portugese",image/jpeg,A poem about Black Portugese Identity,Everett Hoagland,johnson Publishing,1974.08,yes,single-page; photographs,Portraits; Young Frank B. Robinson,"Dartmouth, Massachusetts",41.62669965,-71.00545506,,"University of Idaho Library Digital Initiatives, https://www.lib.uidaho.edu/digital/","MG 101, Frank Bruce Robinson. Papers, 1929-1951, University of Idaho Library Special Collections and Archives",https://archiveswest.orbiscascade.org/ark:/80444/xv97133/op=fstyle.aspx?t=k&q=psychiana,"MG-101, Box 6, Folder - 'Photographs'",mg101_b6_photographs_03,"Educational use includes non-commercial use of text and images in materials for teaching and research purposes. Digital reproduction permissions granted by University of Idaho Library Special Collections and Archives Department. For other uses beyond free use, please contact University of Idaho Library Special Collections and Archives Department at libspec@uidaho.edu.",https://rightsstatements.org/vocab/InC-EDU/1.0/,Image;StillImage,eng,https://archiveswest.orbiscascade.org/ark:/80444/xv97133/op=fstyle.aspx?t=k&q=psychiana
blackworld048,https://books.google.com/books?id=vjkDAAAAMBAJ&lpg=PA1&pg=PA65#v=onepage&q&f=false,,Tanzania-Zambia Railway to be Completed by September,image/jpeg,An announcement that the Tanzania-Zambia roadway would be complete by September 1974 and give Zambia ocean access.,,johnson Publishing,1974.08,yes,single-page; photographs,Tommy Burns; Celebrity Friends,Zambia,-13.83410996,28.11357257,,"University of Idaho Library Digital Initiatives, https://www.lib.uidaho.edu/digital/","MG 101, Frank Bruce Robinson. Papers, 1929-1951, University of Idaho Library Special Collections and Archives",https://archiveswest.orbiscascade.org/ark:/80444/xv97133/op=fstyle.aspx?t=k&q=psychiana,"MG-101, Box 6, Folder - 'Robinson & Friends'",mg101_b6_robinson_friends_015,"Educational use includes non-commercial use of text and images in materials for teaching and research purposes. Digital reproduction permissions granted by University of Idaho Library Special Collections and Archives Department. For other uses beyond free use, please contact University of Idaho Library Special Collections and Archives Department at libspec@uidaho.edu.",https://rightsstatements.org/vocab/InC-EDU/1.0/,Image;StillImage,eng,https://archiveswest.orbiscascade.org/ark:/80444/xv97133/op=fstyle.aspx?t=k&q=psychiana
blackworld049,https://books.google.com/books?id=vjkDAAAAMBAJ&lpg=PA1&pg=PA66#v=onepage&q&f=false,,Pan African Notes,application/pdf,"This article shares various news announcements about the activities of Pan Africanists. Some notable scholars include Dawolu Gene Locke, Akbar Muhammad, Pancho Kadiysky and more.",,johnson Publishing,1974.08,yes,single-page; notices,Trust; Tenney; Duty; World War; Spirit of God; Psychiana Affirmations,"Houston, Texas",29.76909763,-95.38215016,,University of Idaho Library Digital Initiatives - https://www.lib.uidaho.edu/digital/,"MG 101, Frank Bruce Robinson. Papers, 1929-1951, University of Idaho Library Special Collections and Archives",https://archiveswest.orbiscascade.org/ark:/80444/xv97133/op=fstyle.aspx?t=k&q=psychiana,"MG-101, Box 7, Folder 23",mg101_b7_f23_047,"Educational use includes non-commercial use of text and images in materials for teaching and research purposes. Digital reproduction permissions granted by University of Idaho Library Special Collections and Archives Department. For other uses beyond free use, please contact University of Idaho Library Special Collections and Archives Department at libspec@uidaho.edu.",https://rightsstatements.org/vocab/InC-EDU/1.0/,Text,eng,https://archiveswest.orbiscascade.org/ark:/80444/xv97133/op=fstyle.aspx?t=k&q=psychiana
blackworld050,https://books.google.com/books?id=vjkDAAAAMBAJ&lpg=PA1&pg=PA77#v=onepage&q&f=false,,"""To Follow""",application/pdf,"In this article, Alonso 4X critiques the beliefs of Black youth activists. Hebelieves that Black people have spread themselves thin advocating for too many issues, and are not focusing on the 'core' issue of racism. He asks that Black people stop being obsessed with white culture, and the only way to achieve true liberation is to reject all things white.",Alonso 4X,johnson Publishing,1974.08,yes,single-page; advertisements,Offer; Members; Discount; Robinson's Books,"Newark, New Jersey",40.76489703,-74.17691111,,"University of Idaho Library Digital Initiatives, https://www.lib.uidaho.edu/digital/","MG 101, Frank Bruce Robinson. Papers, 1929-1951, University of Idaho Library Special Collections and Archives",https://archiveswest.orbiscascade.org/ark:/80444/xv97133/op=fstyle.aspx?t=k&q=psychiana,"MG-101, Box 7, Folder 23",mg101_b7_f23_048,"Educational use includes non-commercial use of text and images in materials for teaching and research purposes. Digital reproduction permissions granted by University of Idaho Library Special Collections and Archives Department. For other uses beyond free use, please contact University of Idaho Library Special Collections and Archives Department at libspec@uidaho.edu.",https://rightsstatements.org/vocab/InC-EDU/1.0/,Text,eng,https://archiveswest.orbiscascade.org/ark:/80444/xv97133/op=fstyle.aspx?t=k&q=psychiana
blackworld051,https://books.google.com/books?id=vjkDAAAAMBAJ&lpg=PA1&pg=PA80#v=onepage&q&f=false,,Nigeria Acts to Protect Traditional Art,application/pdf,This brief article announces new laws in Nigeria that were made to prevent the trafficking of antiquities. ,,johnson Publishing,1974.08,yes,multiple-page; flyers,Psychiana Origin; Robinson's Life; Latah County; Psychiana Growth; Success; Farmers,Nigeria,9.58128721,7.634859034,,"University of Idaho Library Digital Initiatives, https://www.lib.uidaho.edu/digital/","MG 101, Frank Bruce Robinson. Papers, 1929-1951, University of Idaho Library Special Collections and Archives",https://archiveswest.orbiscascade.org/ark:/80444/xv97133/op=fstyle.aspx?t=k&q=psychiana,"MG-101, Box 7, Folder 26",mg101_b7_f26_002,"Educational use includes non-commercial use of text and images in materials for teaching and research purposes. Digital reproduction permissions granted by University of Idaho Library Special Collections and Archives Department. For other uses beyond free use, please contact University of Idaho Library Special Collections and Archives Department at libspec@uidaho.edu.",https://rightsstatements.org/vocab/InC-EDU/1.0/,Text,eng,https://archiveswest.orbiscascade.org/ark:/80444/xv97133/op=fstyle.aspx?t=k&q=psychiana
blackworld052,https://books.google.com/books?id=vjkDAAAAMBAJ&lpg=PA1&pg=PA81#v=onepage&q&f=false,,Intellectual Genocide,application/pdf,"This brief article discusses how intelligence tests, like the IQ test, are weaponized against marginalized communties. These tests deem Black children intellectually insuffient, without examining underlying causes of academic underperformance.",Patricia Ann Johnson,johnson Publishing,1974.08,yes,single-page; flyers,God-Power; Electricity; Uncle Sam; Success,"Carbondale, Illinois","37.709290402737544, ",-89.23934426,,"University of Idaho Library Digital Initiatives, https://www.lib.uidaho.edu/digital/","MG 101, Frank Bruce Robinson. Papers, 1929-1951, University of Idaho Library Special Collections and Archives",https://archiveswest.orbiscascade.org/ark:/80444/xv97133/op=fstyle.aspx?t=k&q=psychiana,"MG-101, Box 7, Folder 26",mg101_b7_f26_015,"Educational use includes non-commercial use of text and images in materials for teaching and research purposes. Digital reproduction permissions granted by University of Idaho Library Special Collections and Archives Department. For other uses beyond free use, please contact University of Idaho Library Special Collections and Archives Department at libspec@uidaho.edu.",https://rightsstatements.org/vocab/InC-EDU/1.0/,Text,eng,https://archiveswest.orbiscascade.org/ark:/80444/xv97133/op=fstyle.aspx?t=k&q=psychiana
blackworld071,https://books.google.com/books?id=gLIDAAAAMBAJ&lpg=PA1&pg=PA4#v=onepage&q&f=true,,Du Bois' Uses of History,,An analysis of W.E.B. Du Bois thoughts about historians and how he felt other historians should look apon history as their own and retell the stories from their own standards and not the views of white people.,S. Jay Walker,Johnson Publishing,1975.02,,,,"New York City, NY",40.70847135,-74.01132295,,,,,,,,,,,
blackworld072,https://books.google.com/books?id=gLIDAAAAMBAJ&lpg=PA1&pg=PA12#v=onepage&q&f=true,,"On ""The Cultural Unity of Africa""",,This article focuses on the relationship between men and women in African civilization/general societies using the works of Cheikh Anta Diop.,John Henrik Clarke,Johnson Publishing,1975.02,,,,"Ghana, West Africa",7.972335215,-1.189863543,,,,,,,,,,,
blackworld073,https://books.google.com/books?id=gLIDAAAAMBAJ&lpg=PA1&pg=PA28#v=onepage&q&f=true,,Slavery In the Colonial Americas,,This article discusses the Afro-American side of colonial slavery. Many historians in the past have focused on the white side of slavery and not the black making most of the history of slavery biased.,Rhett S. Jones,Johnson Publishing,1975.02,,,,Liberia,6.305813814,-9.337259606,,,,,,,,,,,
blackworld074,https://books.google.com/books?id=gLIDAAAAMBAJ&lpg=PA1&pg=PA41#v=onepage&q&f=true,,He,,"This poem analyzes with the identity of the ""name"". How your name can bring so much light and meaning into who you are but taken away you are just another speck on the planet. Also depicts the idea that black people are now using white names instead of ancestrial names.",Julia Fields,Johnson Publishing,1975.02,,,,"Bessemer, Alabama",33.40223496,-86.95064404,,,,,,,,,,,
blackworld075,https://books.google.com/books?id=gLIDAAAAMBAJ&lpg=PA1&pg=PA45#v=onepage&q&f=true,,Art,,"This poem depicts the struggles that african american women encounter when they are looked at by the eyes of other black people. melanin was not popular in this time, lighter skin women were drawn so beautifully but darker skin women were made in an ugly image.",Julia Fields,Johnson Publishing,1975.02,,,,"Bessemer, Alabama",33.40223496,-86.95064404,,,,,,,,,,,
blackworld076,https://books.google.com/books?id=gLIDAAAAMBAJ&lpg=PA1&pg=PA47#v=onepage&q&f=true,,I Loves A Wig,,Dealing with a society that treasure their pride it is hard to get into a mindset of doing better than what is presented to you. This poem references the struggles of wanting to be something with your life. The wig simbolizes a change for the better and a step in the direction of being acknowledged.,Julia Fields,Johnson Publishing,1975.02,,,,"Bessemer, Alabama",33.40223496,-86.95064404,,,,,,,,,,,
blackworld077,https://books.google.com/books?id=gLIDAAAAMBAJ&lpg=PA1&pg=PA54#v=onepage&q&f=true,,Convergence,,A short story describing the mental conversation you have when you know one of your loved ones have been hanged. The process of going to find the body and perform the traditional rituals to lay that body to rest. The grief you feel knowing that person is gone forever.,Brenda Torres,Johnson Publishing,1975.02,,,,Puerto Rico,18.18558601,-66.60198747,,,,,,,,,,,
blackworld078,https://books.google.com/books?id=gLIDAAAAMBAJ&lpg=PA1&pg=PA60#v=onepage&q&f=true,,Art in Haiti,,An article going through the accent history of Hiatians and how their culture was not always wanted or appreciated. Talked about how slavery was a big influence on the haitians that do not want to claim their heritage. Also speaks about the influence of European culture on the slaves.,Pierre Monosiet,Johnson Publishing,1975.02,,,,Haiti,18.92952968,-72.67776229,,,,,,,,,,,
blackworld079,https://books.google.com/books?id=gLIDAAAAMBAJ&lpg=PA1&pg=PA68#v=onepage&q&f=true,,"""Perspective on Soul Train""",,This article analysis the characteristics of the hit show Soul Train. Talks about how the show was very ritualistic and closed in. The members were all moving and acting as a group in its secretive entirety. Their moves and rhythmatic ways became a stamp in the 70's and 80's for black dance.,Warren Foulkes,Johnson Publishing,1975.02,,,,"Chicago, Illinois",41.88644722,-87.62215584,,,,,,,,,,,
blackworld080,https://books.google.com/books?id=gLIDAAAAMBAJ&lpg=PA1&pg=PA72#v=onepage&q&f=true,,Black Magazines in America,,"Opinion is a analytic piece depicting the ideas and actions of W.E.B Du Bois and his criticism against the NAACP. Also spoke about the controversal definition of what ""Black Power"" conveys to the community.",Bob Chaney,Johnson Publishing,1975.02,,,,"Marion, Ohio",40.5884989,-83.12752706,,,,,,,,,,,
blackworld081,https://books.google.com/books?id=gLIDAAAAMBAJ&lpg=PA1&pg=PA80#v=onepage&q&f=true,,Statement on the Black Arts,,This article references black art with identity. You can not know who you truly are unless you determine your identity because then the focus of your life is off balance.,Johari Amini,Johnson Publishing,1975.02,,,,Philadelphia,39.95344738,-75.1455084,,,,,,,,,,,
blackworld082,https://books.google.com/books?id=eLIDAAAAMBAJ&lpg=PA1&pg=PA4#v=onepage&q&f=true,,Pan African Congress,,"Going back through history, African history is analyzed, finding connections the term Black Power and African Culture.",James Garrett,Johnson Publishing,1975.03,,,,"Tanzania, Dubai",25.2192229,55.17944972,,,,,,,,,,,
blackworld083,https://books.google.com/books?id=eLIDAAAAMBAJ&lpg=PA1&pg=PA22#v=onepage&q&f=true,,Liberation Movement,,the black liberation movement has changed drastically over the years and society has seen diffeent outcomes from the aftermath of the movement. some black people are still dealing with poverty and low income jobs and it is seeming like only a faction of the community are reaping the benefits of the movement.,Amiri Baraka,Johnson Publishing,1975.03,,,,"Newark, New Jersey",40.73463618,-74.17622245,,,,,,,,,,,
blackworld084,https://books.google.com/books?id=eLIDAAAAMBAJ&lpg=PA1&pg=PA28#v=onepage&q&f=true,,"Black Publisher, Black Writer: An Impasse",,Black publishers have seen an all time low as many of them are choosing to stop writing. Others are struggling to get their work published and facing backlash for the work they already have. It makes it worse when most black people do not understand the publishing process so they are being taken advantage of. ,John A. Williams,Johnson Publishing,1975.03,,,,New York,40.71471709,-74.00582979,,,,,,,,,,,
blackworld085,https://books.google.com/books?id=eLIDAAAAMBAJ&lpg=PA1&pg=PA32#v=onepage&q&f=true,,"Black Publisher, Black Writer: An Answer",,"Both black and white publishers are at bay with their writers. In the previous article the writers were feeling neglected because of the lack of publications but in turn the problem isn't their work, it's the funding these companies lack in order to publish everyone's work. Everyone has limits, even the publishers.",Dudley Randall,Johnson Publishing,1975.03,,,,"Washington, DC",38.91169876,-77.03393875,,,,,,,,,,,
blackworld086,https://books.google.com/books?id=eLIDAAAAMBAJ&lpg=PA1&pg=PA38#v=onepage&q&f=true,,Librarians,,"Librarians are a key part of society, providing educational sources to the children of the community and giving these black writers a platform for their work to be presented. Especially in the 60's, most libraries were purchasing books that were for black by blacks. ",Ann Allen Shockley,Johnson Publishing,1975.03,,,,"Chicago, Illinois",41.8772452,-87.64412849,,,,,,,,,,,
blackworld087,https://books.google.com/books?id=eLIDAAAAMBAJ&lpg=PA1&pg=PA45#v=onepage&q&f=true,,Seasons,,A poem that conveys the struggles of black people as a nation. How we have to be strong as a people but are also weak minded with the jive of the outside commotion. We desire something we can not reach and even with never ending promises from leaders we see nothing in return.,Sterling Plumpp,Johnson Publishing,1975.03,,,,"Clinton, Mississppi",32.34059495,-90.32308107,,,,,,,,,,,
blackworld088,https://books.google.com/books?id=eLIDAAAAMBAJ&lpg=PA1&pg=PA51#v=onepage&q&f=true,,Poems of Exile and Return,,An article reflecting on the work of June Jordan. How her unique style of writing and performing caught her audience well. Her poems had a significant effect on her community helped people to understand her better.,June Jordan,Johnson Publishing,1975.03,,,,Mississippi,33.51669468,-89.99048549,,,,,,,,,,,
blackworld089,https://books.google.com/books?id=eLIDAAAAMBAJ&lpg=PA1&pg=PA54#v=onepage&q&f=true,,The Third Stop In Caraway Park,,A story about a young black male named calvin who undergoes these psychological changes due to a drug given to him by his white friends. Makes him believe he is in two different dimensions when he is really under the spell of the drug.,Mari Evans,Johnson Publishing,1975.03,,,,"Toledo, Ohio",41.65062555,-83.53409082,,,,,,,,,,,
blackworld090,https://books.google.com/books?id=eLIDAAAAMBAJ&lpg=PA1&pg=PA64#v=onepage&q&f=true,,Preparing The Professional Book Proposal,,A article describing the key steps to present a manuscript to a publishers office. Going over the dos and donts of writng and explaining the layout of a intelligent and well written novel.,Louis C. Young,Johnson Publishing,1975.03,,,,"Chicago, Illinois",41.88849194,-87.64550179,,,,,,,,,,,
blackworld091,https://books.google.com/books?id=eLIDAAAAMBAJ&lpg=PA1&pg=PA71#v=onepage&q&f=true,,My Visit To Ohio Penitentiary,,"A poem depicting the experiences of being a black person. It isn't always dangerous and harmful, sometimes it can be sweet and wholesome to watch and be apart of. You realize that most people just want you to be yourself and live your truth whether it puts you in harms way or not.",Garfield A. Jackson,Johnson Publishing,1975.03,,,,Ohio,40.3415116,-82.78596294,,,,,,,,,,,
blackworld092,https://books.google.com/books?id=eLIDAAAAMBAJ&lpg=PA1&pg=PA72#v=onepage&q&f=true,,Book Publishers,,A collection of book covers by black writers.,Carole A. Parks,Johnson Publishing,1975.03,,,,"Chicago, Illinois",41.88849194,87.64550179,,,,,,,,,,,
blackworld093,https://books.google.com/books?id=eLIDAAAAMBAJ&lpg=PA1&pg=PA93#v=onepage&q&f=true,,Angela Davis--An Autobiography,,"An autobiography about Angela Davis, her life and how she achieved her goals. Her downfalls and moments of weakness as well because those are just as important to the nature of her work and her inspirations of life.",Paula Giddings,Johnson Publishing,1975.03,,,,"Birmingham, Alabama",33.5145277,-86.814447,,,,,,,,,,,
blackworld094,https://books.google.com/books?id=dbIDAAAAMBAJ&lpg=PA1&pg=PA4#v=onepage&q&f=true,,Woodie King Jr,,An interview given to Woodie King Jr about his various works in the 60's. All the shows he produced and acted in were incredible pieces. He shared the stage with many other writers and actors and poets that used their works to create broadway shows and screenplays.,Peter Bailey,Johnson Publishing,1975.04,,,,New York,40.71471709,74.00582979,,,,,,,,,,,
blackworld095,https://books.google.com/books?id=dbIDAAAAMBAJ&lpg=PA1&pg=PA12#v=onepage&q&f=true,,"Stage, Screen, And Black Hegemony: Black World Interviews Woodie King Jr",,"An interview with Woodie King Jr about his thoughts on Black Theater and how it can progress in history. When thinking about how things can effectively change he suggested that art be taken away from New York. Not saying that it can not thrive in New York but all in all saying that for Black Art to be appreciated, it has to migrate out of New York.",Hoyt W. Fuller,Johnson Publishing,1975.04,,,,New York,40.71471709,74.00582979,,,,,,,,,,,
blackworld096,https://books.google.com/books?id=dbIDAAAAMBAJ&lpg=PA1&pg=PA18#v=onepage&q&f=true,,New York,,An article going over the plays and shows around the 1970's. The media was terrible in depicting the art of the Black Theater. Most were compatible others were still showing their racist remarks through the aritcles that were written.,Peter A. Bailey,Johnson Publishing,1975.04,,,,Virginia,37.40009906,-78.27100943,,,,,,,,,,,
blackworld097,https://books.google.com/books?id=dbIDAAAAMBAJ&lpg=PA1&pg=PA26#v=onepage&q&f=true,,Chicago,,An article about the Black Theater Alliance (BTA). They are an organization that offers workshops for people in theater and teaches their community how to strengthen their skills in theater. Also are a community based organization fighting to keep the black theater in chicago popular and present.,Dierdra Dyson,johnson Publishing,1975.04,,,,"Chicago, Illinois",41.88849194,87.64550179,,,,,,,,,,,
blackworld098,https://books.google.com/books?id=dbIDAAAAMBAJ&lpg=PA1&pg=PA34#v=onepage&q&f=true,,"Washington, D.C",,An article continuing the discussion of how Black Theater was struggling to stay popular. Many productions were being folded by the lack of shows and money they were receiving. Big names in the industry were starting to lose hope of their next work.,Jeanne-Marie A. Miller,johnson Publishing,1975.04,,,,"Washington, DC",38.91169876,-77.03393875,,,,,,,,,,,
blackworld099,https://books.google.com/books?id=dbIDAAAAMBAJ&lpg=PA1&pg=PA39#v=onepage&q&f=true,,We The Poets/A Poem For Second Thinkers,,A sequence of poems by two talented writers. One depicting opression and the other conveying how there is a need for revolution and a fight against justice. Spoke about growing old and never being apart of the fight.,Rabi'a K. Jabbar/Zack Gilbert,johnson Publishing,1975.04,,,,"Chicago, Illinois",41.88849194,87.64550179,,,,,,,,,,,
blackworld100,https://books.google.com/books?id=dbIDAAAAMBAJ&lpg=PA1&pg=PA40#v=onepage&q&f=true,,Willis Richardson: Pioneer Playwright,,"An article reconciling with the art of Black Theater. How there are a tremendous amount of good writers and play makers in history but it took them a while to get to where they are. At first most plays were written for black people by white people, and for a while the community was longing for a writer who can commerse with their struggles and turn it into a beautiful work of art. ",Bernard L. Peterson Jr.,Johnson Publishing,1975.04,,,,New York,40.71471709,74.00582979,,,,,,,,,,,
blackworld101,https://books.google.com/books?id=dbIDAAAAMBAJ&lpg=PA1&pg=PA51#v=onepage&q&f=true,,Perspectives: Books Noted,,"In this article it discusses many plays written by black people that were beneficial to blacks but profitable to whties. Back in the 60's, black writers had the space to write their plays but only if it was appealing to a white audience. So most of the plays that were written had characteristics like racism, lynching, rape, and more harsh realities of the black community. This caught the eyes of the public more because their pain was a laughing matter to white people.",Hilda Njoki McElroy,Johnson Publishing,1975.04,,,,"Grayson County, Texas",33.58434752,-96.66157904,,,,,,,,,,,
blackworld102,https://books.google.com/books?id=dbIDAAAAMBAJ&lpg=PA1&pg=PA53#v=onepage&q&f=true,,Manifesto Of A Liberated Poet,,,Octave Lilly Jr.,Johnson Publishing,1975.04,,,,Louisiana,30.73126969,-91.81168154,,,,,,,,,,,
blackworld103,https://books.google.com/books?id=dbIDAAAAMBAJ&lpg=PA1&pg=PA54#v=onepage&q&f=true,,The Black Image in Early American Drama,,,Larry Thompson,Johnson Publishing,1975.04,,,,,,,,,,,,,,,,,
blackworld104,https://books.google.com/books?id=dbIDAAAAMBAJ&lpg=PA1&pg=PA70#v=onepage&q&f=true,,Dunbar As Playwright,,,Thomas Pawley,Johnson Publishing,1975.04,,,,,,,,,,,,,,,,,
blackworld105,https://books.google.com/books?id=dbIDAAAAMBAJ&lpg=PA1&pg=PA91#v=onepage&q&f=true,,Humor in Hue,,,Morrie,Johnson Publishing,1975.04,,,,,,,,,,,,,,,,,
blackworld106,https://books.google.com/books?id=dbIDAAAAMBAJ&lpg=PA1&pg=PA92#v=onepage&q&f=true,,Senegal Revisited,,,Bruce Wright,Johnson Publishing,1975.04,,,,,,,,,,,,,,,,,
blackworld107,https://books.google.com/books?id=dbIDAAAAMBAJ&lpg=PA1&pg=PA94#v=onepage&q&f=true,,For Alice Walker,,,Micheal S. Harper,Johnson Publishing,1975.04,,,,,,,,,,,,,,,,,
blackworld108,https://books.google.com/books?id=dbIDAAAAMBAJ&lpg=PA1&pg=PA95#v=onepage&q&f=true,,On Record: The Art Ensemble of Chicago,,,Ron Welburn,Johnson Publishing,1975.04,,,,,,,,,,,,,,,,,
blackworld109,https://books.google.com/books?id=dbIDAAAAMBAJ&lpg=PA1&pg=PA98#v=onepage&q&f=true,,Raveen and Duke,,,Unknown,Johnson Publishing,1975.04,,,,,,,,,,,,,,,,,
blackworld110,https://books.google.com/books?id=bbIDAAAAMBAJ&lpg=PA1&dq=black%20world%2F%20negro%20digest&pg=PA79#v=onepage&q=black%20world/%20negro%20digest&f=false,,Towards Pan-Africanism ,,,Carrie Sembene,Johnson Publishing,1975. 10,,,,,,,,,,,,,,,,,
blackworld111,https://books.google.com/books?id=bbIDAAAAMBAJ&lpg=PA1&dq=black%20world%2F%20negro%20digest&pg=PA4#v=onepage&q=black%20world/%20negro%20digest&f=false,,The Future of Pan- Africanism ,,,Ronald Walters,Johnson Publishing,1975. 10,,,,,,,,,,,,,,,,,
blackworld112,https://books.google.com/books?id=bbIDAAAAMBAJ&lpg=PA1&dq=black%20world%2F%20negro%20digest&pg=PA20#v=onepage&q=black%20world/%20negro%20digest&f=false,,The Almicar Cabral Politico-Cultural Model,,,Harold W. Cruse,Johnson Publishing,1975. 10,,,,,,,,,,,,,,,,,
blackworld113,https://books.google.com/books?id=bbIDAAAAMBAJ&lpg=PA1&dq=black%20world%2F%20negro%20digest&pg=PA28#v=onepage&q=black%20world/%20negro%20digest&f=false,,"The National Black Political Assembly: Its Position, Its Future",,An interview w...,Ron Daniels,Johnson Publishing,1975. 10,,,,,,,,,,,,,,,,,
blackworld114,https://books.google.com/books?id=bbIDAAAAMBAJ&lpg=PA1&dq=black%20world%2F%20negro%20digest&pg=PA42#v=onepage&q=black%20world/%20negro%20digest&f=false,,Streched on The National Black Assembly ,,An interview w...,Amiri Baracka,Johnson Publishing,1975. 10,,,,,,,,,,,,,,,,,
blackworld115,https://books.google.com/books?id=bbIDAAAAMBAJ&lpg=PA1&dq=black%20world%2F%20negro%20digest&pg=PA44#v=onepage&q=black%20world/%20negro%20digest&f=false,,Why I Resigned from the NBPA,,An interview w...,Hannah Atkins,Johnson Publishing,1975. 10,,,,,,,,,,,,,,,,,
blackworld116,https://books.google.com/books?id=bbIDAAAAMBAJ&lpg=PA1&dq=black%20world%2F%20negro%20digest&pg=PA47#v=onepage&q=black%20world/%20negro%20digest&f=false,,The Congressional Black Caucas: The Members,,An assessment ,Simeon Booker,Johnson Publishing,1975. 10,,,,,,,,,,,,,,,,,
blackworld117,https://books.google.com/books?id=bbIDAAAAMBAJ&lpg=PA1&dq=black%20world%2F%20negro%20digest&pg=PA49#v=onepage&q=black%20world/%20negro%20digest&f=false,,Black Elected Officials: Is There a Measurable Difference,,,Hoyt W. Fuller,Johnson Publishing,1975. 10,,,,,,,,,,,,,,,,,
blackworld118,https://books.google.com/books?id=bbIDAAAAMBAJ&lpg=PA1&dq=black%20world%2F%20negro%20digest&pg=PA51#v=onepage&q=black%20world/%20negro%20digest&f=false,,Die Nigger Die,,,H. Rap Brown,Johnson Publishing,1975. 10,,,,,,,,,,,,,,,,,
blackworld119,https://books.google.com/books?id=bbIDAAAAMBAJ&lpg=PA1&dq=black%20world%2F%20negro%20digest&pg=PA53#v=onepage&q=black%20world/%20negro%20digest&f=false,,Sun People,,A poem reflecting..,Michael D. Harris,Johnson Publishing,1975. 10,,,,,,,,,,,,,,,,,
blackworld120,https://books.google.com/books?id=bbIDAAAAMBAJ&lpg=PA1&dq=black%20world%2F%20negro%20digest&pg=PA54#v=onepage&q=black%20world/%20negro%20digest&f=false,,America: an allegory,,A poem ,Everett Hoagland,Johnson Publishing,1975. 10,,,,,,,,,,,,1974.06.4,,,,,
blackworld121,https://books.google.com/books?id=bbIDAAAAMBAJ&lpg=PA1&dq=black%20world%2F%20negro%20digest&pg=PA58#v=onepage&q=black%20world/%20negro%20digest&f=false,,The Congressional Black Caucas: The Organization,,An editorial on...,Hoyt W. Fuller,Johnson Publishing,1975. 10,,,,,,,,,,,,1974.06.20,,,,,
blackworld122,https://books.google.com/books?id=bbIDAAAAMBAJ&lpg=PA1&dq=black%20world%2F%20negro%20digest&pg=PA61#v=onepage&q=black%20world/%20negro%20digest&f=false,,"New Politics for Black People: A Statement of Principles, Goals, Guidelines, Definitons, and Direction for the National Black Political Assembly",,In depth article,NEED,Johnson Publishing,1975. 10,,,,,,,,,,,,1974.06.36,,,,,
blackworld123,https://books.google.com/books?id=bbIDAAAAMBAJ&lpg=PA1&dq=black%20world%2F%20negro%20digest&pg=PA66#v=onepage&q=black%20world/%20negro%20digest&f=false,,Mozambique: New Nations,,Report on..,Tennyson Makiwane,Johnson Publishing,1975. 10,,,,,,,,,,,,1974.06.49,,,,,
blackworld124,https://books.google.com/books?id=bbIDAAAAMBAJ&lpg=PA1&dq=black%20world%2F%20negro%20digest&pg=PA76#v=onepage&q=black%20world/%20negro%20digest&f=false,,Cape Verde Islands and Sao Tome,,,NEED,Johnson Publishing,1975. 10,,,,,,,,,,,,1974.06.51,,,,,
blackworld125,https://books.google.com/books?id=bbIDAAAAMBAJ&lpg=PA1&dq=black%20world%2F%20negro%20digest&pg=PA77#v=onepage&q=black%20world/%20negro%20digest&f=false,,Festival Report,,An update on local festival,Gen. Muritala Rufai Mohammed,Johnson Publishing,1975. 10,,,,,,,,,,,,1974.06.53,,,,,
blackworld126,https://books.google.com/books?id=bbIDAAAAMBAJ&lpg=PA1&dq=black%20world%2F%20negro%20digest&pg=PA88#v=onepage&q=black%20world/%20negro%20digest&f=false,,"Jesse Jackson: The Man, The Myth, The Movement",,,James M. Stephens,Johnson Publishing,1975. 10,,,,,,,,,,,,1974.06.54,,,,,
blackworld127,https://books.google.com/books?id=bbIDAAAAMBAJ&lpg=PA1&dq=black%20world%2F%20negro%20digest&pg=PA90#v=onepage&q=black%20world/%20negro%20digest&f=false,,The Ripening Fruit or Revolution,,,Hoyt W. Fuller,Johnson Publishing,1975. 10,,,,,,,,,,,,1974.06.61,,,,,
blackworld128,https://books.google.com/books?id=NbIDAAAAMBAJ&lpg=PA1&dq=black%20world%2F%20negro%20digest&pg=PA4#v=onepage&q=black%20world/%20negro%20digest&f=false,,Black Intellectuals and The American Social Change,,,Bill Strickland,Johnson Publishing,1975.11,,,,,,,,,,,,1974.06.67,,,,,
blackworld129,https://books.google.com/books?id=NbIDAAAAMBAJ&lpg=PA1&dq=black%20world%2F%20negro%20digest&pg=PA12#v=onepage&q=black%20world/%20negro%20digest&f=false,,Black Neighborhoods,,,Donald A. Warren,Johnson Publishing,1975.11,,,,,,,,,,,,1974.06.68,,,,,
blackworld130,https://books.google.com/books?id=NbIDAAAAMBAJ&lpg=PA1&dq=black%20world%2F%20negro%20digest&pg=PA28#v=onepage&q=black%20world/%20negro%20digest&f=false,,Black Man in the New China,,,John O. Killens,Johnson Publishing,1975. 11,,,,,,,,,,,,1974.06.72,,,,,
blackworld131,https://books.google.com/books?id=0TkDAAAAMBAJ&lpg=PA1&pg=PA29#v=onepage&q&f=false,,The Death Walk Against Afrika,,This articles discusses the concept of Africans Americans devoiding themselves of african identity. He compares other races/ ethnicities such as greeks who are in general aligned with their traditional beliefs and customs.,Don L. Lee,johnson publishing,1973. 10,,,,"Little Rock, Arkansas",34.74321711,-92.28599688,,,,,,1974.07.47,,,,,
blackworld133,https://books.google.com/books?id=0TkDAAAAMBAJ&lpg=PA1&pg=PA43#v=onepage&q&f=false,,Black Labor: Powerful Force For Liberation,,An article discussing the utilization of Black workers for liberation. ,Earl Ofari,johnson publishing,1973. 10,,,,"Chicago, Ilinois ",41.87930253,-87.62800228,,,,,,1974.07.49,,,,,
blackworld134,https://books.google.com/books?id=0TkDAAAAMBAJ&lpg=PA1&pg=PA60#v=onepage&q&f=false,,A Blueprint For Black Liberation ,,An in depth analysis and critique on black revolutionists that provides different approaches to handling and working against white supremacy.,Obi Antarah,johnson publishing,1973. 10,,,,"Chicago, Ilinois ",41.87930253,-87.62800228,,,,,,1974.07.51,,,,,
blackworld135,https://books.google.com/books?id=0TkDAAAAMBAJ&lpg=PA1&pg=PA68#v=onepage&q&f=false,,"David Walker and Malcolm X, BROTHERS IN RADICAL",,Article by William Seraille that compares and relates similarites between the philosophies of Malcolm X and David Walker.,William Seraile ,johnson publishing,1973. 10,,,,"New York City, NY",40.7155891,-74.00921819,,,,,,1974.07.53,,,,,
blackworld136,https://books.google.com/books?id=0TkDAAAAMBAJ&lpg=PA1&pg=PA56#v=onepage&q&f=false,,Mama Pritchett ,,Poem that provides the perspective of Black women's experience in the north and south. ,Hazel.V Bright ,johnson publishing,1973. 10,,,,"Chicago, Ilinois ",43.55918086,-79.62971082,,,,,,1974.07.60,,,,,
blackworld137,https://books.google.com/books?id=0TkDAAAAMBAJ&lpg=PA1&pg=PA74#v=onepage&q&f=false,,Political Prisoner ,,Poem entailing the disposition of the american government vs. being an american. ,Brenda Torres ,johnson publishing,1973. 10,,,,"Chicago, Ilinois",43.55918086,-79.62971082,,,,,,1974.07.64,,,,,
blackworld138,https://books.google.com/books?id=TjoDAAAAMBAJ&lpg=PA1&pg=PA4#v=onepage&q&f=false,,Some Guidlines: Music Research and The Black Aesthetic ,,Article that offers critique and enthusiam for the future of black music composition and composers. ,Eileen Southern,johnson publishing,1973.11,,,,"Minneapolis, Minnesota ",44.980959,-93.259515,,,,,,1974.07.71,,,,,
blackworld139,https://books.google.com/books?id=TjoDAAAAMBAJ&lpg=PA1&pg=PA14#v=onepage&q&f=false,,Improvisation and The Aural Tradition of Afro-American Music,,An Article detailing the similarities and traits of african american musical interpretation in comparison with traditional african music style. ,Marion Brown ,johnson publishing,1973.11,,,,,33.7484192,-84.38718872,,,,,,1974.07.72,,,,,
blackworld140,https://books.google.com/books?id=TjoDAAAAMBAJ&lpg=PA1&pg=PA20#v=onepage&q&f=false,,The Battle for Legitimacy:'Jazz vs Academia' ,,Article by David Baker discussing the lack of credibility given to Black musicians and both the contribution of Jazz by Blacks as well as the legitimacy of Jazz as a musical Genre. ,David Baker ,johnson publishing,1973.11,,,,,,,,,,,,1974.07.77,,,,,
blackworld141,,,,,,,,,,,,,,,,,,,,1974.07.78,,,,,
,,,,,,,,,,,,,,,,,,,,1974.07.97,,,,,
,,,,,,,,,,,,,,,,,,,,1974.07.100,,,,,
,,,,,,,,,,,,,,,,,,,,1974.08.4,,,,,
,,,,,,,,,,,,,,,,,,,,1974.08.10,,,,,
,,,,,,,,,,,,,,,,,,,,1974.08.19,,,,,
,,,,,,,,,,,,,,,,,,,,1974.08.20,,,,,
,,,,,,,,,,,,,,,,,,,,1974.08.31,,,,,
,,,,,,,,,,,,,,,,,,,,1974.07.37,,,,,
,,,,,,,,,,,,,,,,,,,,1974.07.39,,,,,
,,,,,,,,,,,,,,,,,,,,1974.07.41,,,,,
,,,,,,,,,,,,,,,,,,,,1974.07.48,,,,,
,,,,,,,,,,,,,,,,,,,,1974.07.49,,,,,
,,,,,,,,,,,,,,,,,,,,1974.07.49,,,,,
,,,,,,,,,,,,,,,,,,,,1974.07.51,,,,,
,,,,,,,,,,,,,,,,,,,,1974.07.53,,,,,
,,,,,,,,,,,,,,,,,,,,1974.07.54,,,,,
,,,,,,,,,,,,,,,,,,,,1974.07.57,,,,,
,,,,,,,,,,,,,,,,,,,,1974.07.65,,,,,
,,,,,,,,,,,,,,,,,,,,1974.07.66,,,,,
,,,,,,,,,,,,,,,,,,,,1974.07.77,,,,,
,,,,,,,,,,,,,,,,,,,,1974.07.80,,,,,
,,,,,,,,,,,,,,,,,,,,1974.07.81,,,,,
,,,,,,,,,,,,,,,,,,,,,,,,,
,,,,,,,,,,,,,,,,,,,,,,,,,
,,,,,,,,,,,,,,,,,,,,,,,,,
,,,,,,,,,,,,,,,,,,,,,,,,,
,,,,,,,,,,,,,,,,,,,,,,,,,
,,,,,,,,,,,,,,,,,,,,,,,,,
,,,,,,,,,,,,,,,,,,,,,,,,,
,,,,,,,,,,,,,,,,,,,,,,,,,
,,,,,,,,,,,,,,,,,,,,,,,,,
,,,,,,,,,,,,,,,,,,,,,,,,,
,,,,,,,,,,,,,,,,,,,,,,,,,
,,,,,,,,,,,,,,,,,,,,,,,,,
,,,,,,,,,,,,,,,,,,,,,,,,,
,,,,,,,,,,,,,,,,,,,,,,,,,
,,,,,,,,,,,,,,,,,,,,,,,,,
,,,,,,,,,,,,,,,,,,,,,,,,,
,,,,,,,,,,,,,,,,,,,,,,,,,
,,,,,,,,,,,,,,,,,,,,,,,,,
,,,,,,,,,,,,,,,,,,,,1975.02.4,,,,,
,,,,,,,,,,,,,,,,,,,,1975.02.12,,,,,
,,,,,,,,,,,,,,,,,,,,1975.02.28,,,,,
,,,,,,,,,,,,,,,,,,,,1975.02.41,,,,,
,,,,,,,,,,,,,,,,,,,,1975.02.46,,,,,
,,,,,,,,,,,,,,,,,,,,1975.02.47,,,,,
,,,,,,,,,,,,,,,,,,,,1975.02.54,,,,,
,,,,,,,,,,,,,,,,,,,,1975.02.60,,,,,
,,,,,,,,,,,,,,,,,,,,1975.02.68,,,,,
,,,,,,,,,,,,,,,,,,,,1975.02.72,,,,,
,,,,,,,,,,,,,,,,,,,,1975.02.80,,,,,
,,,,,,,,,,,,,,,,,,,,1975.03.4,,,,,
,,,,,,,,,,,,,,,,,,,,1975.03.22,,,,,
,,,,,,,,,,,,,,,,,,,,1975.03.28,,,,,
,,,,,,,,,,,,,,,,,,,,1975.03.32,,,,,
,,,,,,,,,,,,,,,,,,,,1975.03.38,,,,,
,,,,,,,,,,,,,,,,,,,,1975.03.45,,,,,
,,,,,,,,,,,,,,,,,,,,1975.03.51,,,,,
,,,,,,,,,,,,,,,,,,,,1975.03.54,,,,,
,,,,,,,,,,,,,,,,,,,,1975.03.64,,,,,
,,,,,,,,,,,,,,,,,,,,1975.03.71,,,,,
,,,,,,,,,,,,,,,,,,,,1975.03.72,,,,,
,,,,,,,,,,,,,,,,,,,,1975.03.93,,,,,
,,,,,,,,,,,,,,,,,,,,1975.04.4,,,,,
,,,,,,,,,,,,,,,,,,,,1975.04.12,,,,,
,,,,,,,,,,,,,,,,,,,,1975.04.18,,,,,
,,,,,,,,,,,,,,,,,,,,1975.04.26,,,,,
,,,,,,,,,,,,,,,,,,,,1975.04.35,,,,,
,,,,,,,,,,,,,,,,,,,,1975.04.39,,,,,
,,,,,,,,,,,,,,,,,,,,1975.04.40,,,,,
,,,,,,,,,,,,,,,,,,,,1975.04.51,,,,,
,,,,,,,,,,,,,,,,,,,,1975.04.53,,,,,
,,,,,,,,,,,,,,,,,,,,1975.04.54,,,,,
,,,,,,,,,,,,,,,,,,,,1975.04.70,,,,,
,,,,,,,,,,,,,,,,,,,,1975.04.91,,,,,
,,,,,,,,,,,,,,,,,,,,1975.04.93,,,,,
,,,,,,,,,,,,,,,,,,,,1975.04.94,,,,,
,,,,,,,,,,,,,,,,,,,,1975.04.95,,,,,
,,,,,,,,,,,,,,,,,,,,1975.04.98,,,,,
,,,,,,,,,,,,,,,,,,,,,,,,,
,,,,,,,,,,,,,,,,,,,,,,,,,
,,,,,,,,,,,,,,,,,,,,,,,,,
,,,,,,,,,,,,,,,,,,,,,,,,,
,,,,,,,,,,,,,,,,,,,,,,,,,
,,,,,,,,,,,,,,,,,,,,,,,,,
,,,,,,,,,,,,,,,,,,,,,,,,,
,,,,,,,,,,,,,,,,,,,,,,,,,
,,,,,,,,,,,,,,,,,,,,,,,,,
,,,,,,,,,,,,,,,,,,,,,,,,,
,,,,,,,,,,,,,,,,,,,,,,,,,
,,,,,,,,,,,,,,,,,,,,,,,,,
,,,,,,,,,,,,,,,,,,,,,,,,,
,,,,,,,,,,,,,,,,,,,,,,,,,
,,,,,,,,,,,,,,,,,,,,,,,,,
,,,,,,,,,,,,,,,,,,,,,,,,,
,,,,,,,,,,,,,,,,,,,,,,,,,
,,,,,,,,,,,,,,,,,,,,,,,,,
,,,,,,,,,,,,,,,,,,,,,,,,,
,,,,,,,,,,,,,,,,,,,,,,,,,
,,,,,,,,,,,,,,,,,,,,,,,,,
,,,,,,,,,,,,,,,,,,,,,,,,,
,,,,,,,,,,,,,,,,,,,,,,,,,
,,,,,,,,,,,,,,,,,,,,,,,,,
,,,,,,,,,,,,,,,,,,,,,,,,,
,,,,,,,,,,,,,,,,,,,,,,,,,
,,,,,,,,,,,,,,,,,,,,,,,,,
,,,,,,,,,,,,,,,,,,,,,,,,,
,,,,,,,,,,,,,,,,,,,,,,,,,
,,,,,,,,,,,,,,,,,,,,,,,,,
,,,,,,,,,,,,,,,,,,,,1973.10.28,,,,,
,,,,,,,,,,,,,,,,,,,,1973.10.42,,,,,
,,,,,,,,,,,,,,,,,,,,1973.10.62,,,,,
,,,,,,,,,,,,,,,,,,,,1973.10.68,,,,,
,,,,,,,,,,,,,,,,,,,,1973.10.55,,,,,
,,,,,,,,,,,,,,,,,,,,1973.10.74,,,,,
,,,,,,,,,,,,,,,,,,,,1973.11.4,,,,,
,,,,,,,,,,,,,,,,,,,,1973.11.14,,,,,